mean_eval,pop_best_eval,median_eval
1.8599919730410157,2.919146270329695,1.8080032670476989
2.01281016719704,3.0900016121943086,2.1790248805079777
1.7782465367802918,2.822077463761043,1.872674619857668
1.6532766454948273,2.9772751626231755,1.4131079963323607
1.81099766693294,4.141995721591643,1.6735484171222539
1.907661283670436,3.6891737789167385,1.8651203598371398
1.7412847406336476,2.8506474035497353,1.797820626887202
1.9442924903627556,3.1775377400479776,1.968165772153625
1.504271409430473,2.691352793659279,1.2155346503217337
1.7930449708169407,3.64344750500753,1.7819744644787168
1.8349055552754692,3.265343140790368,1.6691934078243102
1.7163967033875835,3.1888842066572027,1.481522295167204
1.8016305045509562,3.296733370730121,1.5460744328102831
1.7645576116341162,3.2352381147311866,1.7408635559778656
2.012257629920127,3.1141140764680175,1.904781861173853
1.5478405350646147,3.288519055104384,1.5026836609983356
1.6184820012461467,2.7704686630711497,1.5542425492464003
1.853516176708684,2.988934247230178,1.716810932176779
1.8777605957328387,3.1687829598697466,1.6731904788109504
1.932973109115578,3.089881585913278,1.9332902993631458
2.0933633075100317,3.1053302455892564,1.9793327058815795
1.8894901192213025,3.428173760437945,1.6742927612471714
1.8112633199249537,2.9820141120638173,1.8350046541804814
1.632575694573425,3.092462876273302,1.4582534355811538
1.7472141460805235,2.9713459902726242,1.5767969938248048
1.7515040099565735,3.205002845000706,1.7261641625523356
1.8730141586573998,2.8679953744388422,1.7478658741606692
1.7391215337666932,3.1553677132001514,1.430349785556352
1.5976724735343621,2.7985051152078735,1.6847651775935
1.7579636110643482,3.168544215120815,1.7215801755912135
1.8696135562949945,3.092824387809128,1.9531315806324088
1.8850758164577743,3.2523070471051527,1.9983338784362585
2.0987522781614816,3.670845209266833,2.0220931264591986
1.678910791275695,2.8559548770852983,1.6382831371101334
1.688004927151938,3.093614490103701,1.4697198751431735
1.784921942135949,2.9413752933181936,1.7250744607006576
1.7918839944319935,3.0996462002430603,1.6975390401745385
1.7372025434421279,2.8393983755132153,1.5805719322913545
1.6437235774908996,3.0041552824853897,1.3618294304559826
1.889167940204696,3.122818813679072,1.538963293846567
1.738694651132118,3.085947706646887,1.6223019164760246
1.8044228323250437,3.0834657723025174,1.5362919662772299
1.838044354780855,2.9687243899734748,1.8051560016948835
1.75218247033627,2.9960929187665943,1.7169149187643624
1.845228157242298,3.1666066215066664,1.7732894736100682
1.972421920717877,2.7582689060761343,2.022140727316793
1.6469232147626498,2.9038330875046197,1.6782621077973716
1.985158150572569,2.9012845193138985,2.265152825713167
1.7686730120331042,3.4656745393226016,1.5693546552123996
2.0122858611558705,3.1060517653614585,2.076926357398295
1.785972500731391,3.5182540522229897,1.7548022461724477
1.7643252511724914,2.9371808845434613,1.6049318700625503
1.741712180140801,3.0984646897099304,1.591417199504204
1.7837863198900978,3.726466308614027,1.5723687212568715
2.0015643485941057,3.180430440163743,2.0538883514971547
1.7319354630134627,3.3191425785916313,1.6412840476240378
1.9299459788385873,3.2350384748471477,2.080506666981756
2.1062261007926812,4.425197458894201,2.217135196458735
1.7621325546990914,4.291079610367463,1.7232038104608407
1.8165171679370906,3.1095303485117625,1.8204796052477408
1.7362309601433523,3.1343200153551845,1.7872164453105155
2.015188979751449,3.2915483597151205,2.05570632150042
1.8482057632379818,3.234724969918191,1.6940501487660213
1.8706350135233731,3.354827012961672,1.9333260310400378
1.981118989080961,3.4167875547962363,2.030581676582036
1.6411872597851458,3.1556580213025853,1.460227090007808
1.824361804906926,3.746848256316266,1.7492394103197406
1.7884542929873997,3.1128296596149974,1.6576701028177088
2.063873065982678,3.212713911189261,2.2990118162156286
1.5307940158916478,2.9624911804781697,1.422247015919765
1.847691645617503,3.6904653977028947,1.6679498089683147
2.0418314437172236,3.2152940576425184,2.086456488250648
1.797493698814387,2.9819625126138005,1.7881613031249413
2.205305271387471,3.0269738593433377,2.181851760721674
2.2403667880400713,3.5472214810751512,2.360552992892539
1.8908759786011164,3.2267955749327673,1.871241277762652
1.9998546220901752,4.17422191315498,1.8085480141046997
1.9957851600393142,3.1850630469966945,1.9869901632290599
1.9482953674960233,3.691496083892245,1.8310517395737826
2.1520882950044613,3.3567942743004693,2.1963175019347463
2.0636283045628203,3.332760916467503,2.4204105150222803
1.5707399929152661,2.8684806651590806,1.333348416704669
2.047031399636664,3.349523616802111,1.9784536194649711
2.0936577081244234,3.5998054873127208,2.160160204305503
2.2965689919479826,3.3599410701306462,2.359077050425313
2.3297053562814516,3.3390933319840745,2.4416799331953802
1.7347978220365132,2.7950677808121513,1.7659217766055626
2.1707206917254043,3.683478627792046,2.2506850364766686
1.917569104844554,3.2720907410401736,1.9599734754711786
1.9277850658631075,3.2537279197598132,1.9266039249529154
1.8483759953284618,4.25627749230183,1.68554993717569
2.4024724212518453,3.2010460551867066,2.4943205163972664
1.803321062940849,3.3254079264494494,1.6523984584741722
2.095658319882491,3.8678883211757986,1.8319388715476355
2.001332865252074,3.4633670186950916,1.8351759807410153
2.0055685428283794,3.0803978640125544,1.9318678343352342
2.1022123106660926,3.2295008750274077,2.248931657132667
1.8920006767973778,3.1722726618467236,1.695208655674377
1.9202597370232823,3.859541884937854,1.6520378550732726
1.720811111907538,3.082405895956715,1.3488692752863618
2.042479907674211,3.3771339018317437,2.081913183331077
2.012212469642679,3.4661125511337536,1.923186230680122
1.9069506675031822,2.9544078566918,1.8749749918017087
1.679981230873743,3.002782502191252,1.488121339470843
1.941310524893395,3.352454107344429,1.8630625180581304
1.993019868732358,3.162971279406783,1.9884925538798106
1.5516603276803376,2.5130571227058986,1.592994802575523
2.1306213454120515,3.6249893897918897,2.352009168298488
1.8523235570250187,3.1313256604894777,1.6148779666626458
2.207333317255637,3.141573443075001,2.3615187000781086
1.9338684243977458,4.029717542311702,1.633748762962302
1.8867702635042143,3.12558883725851,1.847331438248562
1.9270228571718175,3.3510767826717553,1.8527034096160155
1.992824566508682,3.5151364713823745,2.0069603972051953
1.9988057164441133,3.4887339350683813,2.066797658956084
1.935438603960495,3.6597146780961394,1.6770648201926446
2.0022972970424604,3.8009763665935195,1.813835252600931
2.1086363480772405,3.72085902343405,1.9035132250642028
1.989956672480778,3.0616716154160777,1.6509482370766901
1.7273801914405278,2.6487060864443803,1.7453743673874405
2.115905088764422,3.122514204654197,2.1586108856065187
1.9512825779119156,2.8597198219832887,1.977420058932851
1.9871626119979313,3.0281831938398023,1.9257375041048266
2.194266046377172,3.633595532300976,2.2928869227701894
1.9942185683909535,3.3269608420920895,2.03276750546577
2.0605483706201992,2.945028987183644,2.2054255071126274
2.0840182248466395,3.3240516903474786,2.271043454548977
1.9584749794854786,3.175753355474688,2.044544011981876
1.9855264031323892,3.021072108265206,2.2096958379233373
1.773477506951406,3.210615341285264,1.7044652806670428
1.9079555195932922,3.159815010559453,1.7078736811750441
1.6929307383809307,3.1445764487516827,1.5843256529048002
2.0818334718492206,3.2325726271672277,2.104128066348276
1.8773650355438605,3.2715518489835,1.9607495299712225
1.911945047189501,3.251479902597821,1.6840804382106938
1.7713391603428583,2.883844838289586,1.8480562912119343
1.8987025299370397,2.88356467277987,1.7123586747573851
1.858004518305256,3.1202492219063416,1.6667822919615705
1.8199685892697377,2.950202853775164,1.7485286092759695
2.0832164769068244,3.1024560827563197,2.0072109407401992
1.9658824399748493,3.352787883630015,2.1356364918153696
2.067787007562825,3.0630056190918395,2.063405019713934
1.7333008631940086,2.941413564569972,1.7392602544571252
1.9894322829151918,3.0808799274887546,1.9756092495642483
2.1281664270636793,3.074781573882743,2.2274569835991924
1.8468644110240064,3.398923127763317,1.891629450020027
1.9767058527717287,3.389049889615724,1.894098273053931
2.058772739931372,3.5805210462195114,1.9427542950112575
1.896593884563033,3.6090735046272426,1.8658298217509266
1.87556170542059,3.729251282864965,1.7332315089444743
1.8771519187412573,3.3841053677206734,1.8092361663133114
2.0902749946438157,3.09073034401142,2.3348196948252875
1.9355343827599079,3.093405538412116,1.9378360968493347
2.128158211523286,3.4864114412352185,2.094219603903796
1.9794159013006063,3.6116843985823017,1.6632335479824643
1.8021806230338289,3.240474763269915,1.6733164474865037
1.902603329913095,3.0989885503634866,1.7255208670244075
1.964579229494639,3.3147805521068694,1.6857383792362692
1.7906555119406748,2.9473411914058616,1.6199464205381626
1.7963309655259512,2.903383300052043,1.6638114179771137
2.0516768878742138,3.111410184516341,1.8942092583461858
2.113707507752203,4.268722668519589,1.742605882947749
1.8033220203452598,2.7533581582723565,1.7817736427036082
2.0532618881417006,3.3049423097974318,2.0127265741861997
1.842626755580061,3.115459255210845,1.6911795951023953
2.007822962496287,3.234346471733357,2.047800735881185
2.1450022467531698,3.1963178197254454,2.0514114240708268
2.0248446454139337,2.88808246278025,2.0880149626953832
2.0893821972144435,3.554430405484019,2.168505964291098
2.1802199844837635,3.1783634087252963,2.102220828126658
2.0946731684184337,3.437558917428655,2.0834085391156947
1.8174569747103464,3.419045614806937,1.7348355715018582
2.0782650020917193,3.122976079623819,2.0272257822685766
1.7114772526740651,3.0036017072643606,1.6638386660325049
1.833658260684815,3.465104138401103,1.74556644257751
1.9342455544218897,3.042508622064453,2.021765060700349
2.0093255743678133,2.955727974033546,1.9819834382829624
1.8785965534428242,3.399756340329601,1.5313722950880178
1.9082156131979584,3.1754839351252455,1.9210922267800092
2.0559161510132076,3.076977470941036,1.8922971719136876
2.0670685336753714,4.157665307546484,1.9257569383261324
1.9687531119859938,3.204853858176725,1.8368155884909603
1.8591426829155129,3.2617225530653835,1.8275818627483522
2.234167976343432,4.083065536663346,2.2371723134596273
2.0092924678298147,3.965825731188093,1.9587268889546103
2.1911019626800727,3.420773276138592,2.219548375335633
2.119186995129352,3.479410176162772,1.9923368183929884
2.154111115743566,3.8478751036103827,2.219840597731002
2.168871805525362,3.4713014686157684,2.4269375273859453
2.023072808410613,2.9731200071728967,1.8317635921387703
1.9861185262188832,3.3008837150607455,1.9472885286066566
1.8752933671680552,3.5898504502766957,1.7333918736519858
2.1907093243411406,3.5027037269879657,2.146828463820681
1.952959379961146,3.154591231704199,1.906258535063361
2.1674957400836132,4.2339373522849115,2.047770261319843
1.7571825101760539,2.936606237224817,1.6827837058067785
2.0603999349694324,3.368275461523714,2.045026097295036
2.031644612596877,2.963686003991899,1.8757706314537645
2.107298675449903,3.38029224262925,2.175430778312535
2.0859123452310904,3.225911491330432,1.9659653180659642
2.2870991502307843,3.3832469706690462,2.225595912101684
1.8267809584639132,3.363990407105126,1.68548981361063
1.9397385108423404,3.3981099490921256,1.7714040206212807
2.198791344158189,3.9374885002334246,2.3522829127342515
1.9852007286328235,3.270541204125908,1.760552160244585
1.863721092328878,2.9268737988291074,1.6718817453063184
2.095098417821565,3.1929855192221597,1.9564040659422848
2.05489885454798,3.552339468593914,2.026967679122663
2.152454642938808,3.745148714165692,2.0778375203988144
1.9300157821011785,3.5212384659427496,1.7348350052404427
1.9468177018125934,3.100292532519809,1.8649332681854411
1.7773969602203448,3.0236231113599095,1.6161069987972885
2.052017242812417,3.1698922693607745,2.1761194264942287
2.0509491605290426,3.5643277295871636,1.9443044499059274
2.06058954944209,3.455389148025304,2.043101658107006
2.179654737505861,3.5986115467733955,2.1561998111271397
2.0639940000478845,3.855371512459804,1.9013176484406655
1.79641802950155,3.2968124876112905,1.7241738415630499
1.9375040333332472,3.8612300249640636,1.6552139913747723
2.085321625167906,3.3415083615636316,1.9675738369193665
2.0917583795270436,4.115415588583443,1.9151355860747992
1.8617919267854728,2.946100356218764,1.722903525805195
2.0643291888356075,3.734885263403585,2.003560885614257
2.368958303568018,4.953112223714722,2.1494229135083263
2.0566892968148154,3.2673500100011412,2.009214735247074
1.862266612544704,3.3034857768268093,1.8462502083803227
2.015337016918273,3.283483738444458,1.7358831575324345
1.9201019693488317,3.573058341200152,1.7717722749481974
1.9880579074992002,3.482020042333988,1.8028657030480972
2.0645405983081577,3.6393264846374205,1.9456467001775897
2.118423125924384,3.3549054046019933,2.111777585171432
1.991751452963956,3.6632529457397522,1.8308004477318285
2.179941807073927,3.301185826651862,2.2312775391377935
2.089611605544133,3.3311714114270385,1.9736406293155433
2.04456097196522,2.9847857633904926,2.079126422816648
2.041428405708781,3.550057128127807,1.95436882520651
2.1911219540210043,3.40749487977639,2.316173265736294
2.4033054749697134,3.9929733666533442,2.4584516273518657
2.009399849572915,4.629662980908801,1.8937730346720587
2.211100812736922,3.2637071880159567,2.2277615660188244
2.132932060564695,4.278834251526417,2.1972081492239015
2.051627919577409,3.4674523921351206,2.1292595218598227
2.078401250250256,3.5223313837131673,1.840877196441812
2.061448269969701,3.428934503210975,1.8902954193068886
2.116076459427849,4.101645529318061,1.79604043177179
2.2948575416480024,3.2965916728854507,2.4397784613021374
1.9956059688769312,3.5684576220771085,1.9256198774343314
1.9362654797149474,3.0526799275117833,1.8943654864518948
2.0465650859265945,3.383579176774875,2.0001383974431204
2.0613507731381233,3.9638239198945913,1.9536326194723475
2.294387623069756,3.1877815965070297,2.4651809129171616
1.8222385077018464,3.1763922795363606,1.7596130567393669
2.0201313911382326,3.5080728911704764,1.768030941283909
1.9399855073231511,3.439034750966265,1.6933006431470012
2.3909505056415523,3.4398528706654754,2.3246778087230733
2.171229998935227,3.58733672555989,2.1105356887549447
1.7518977725420843,3.464184652783265,1.7016179063410062
2.1160412721781796,3.4092313439475403,2.1982665932554952
2.1068872953974833,4.0454070267965685,2.1676091932535977
2.323254677496049,3.753735195470545,2.347304221049832
2.05452368625438,3.5820501885093448,1.932447569535289
2.2922711450014845,3.2023127727410343,2.572226889341533
2.225229949905012,4.304360877699301,2.2397594860940466
2.1819939505132724,3.732866854817737,2.038606685324069
1.8249605341191881,3.2142403993241646,1.7338097075683636
2.14580320634382,4.098836361680281,1.8430489792985085
1.9869121590253798,3.5312764224304605,1.6593357049673743
2.018715488135936,3.5551546154072087,1.774162929174726
2.2951109363986877,4.003652191603376,2.3074361356475572
2.2314550819550703,3.757719422526193,2.0700914729839055
1.8069001904036412,3.087481453645154,1.6443207760040497
2.461926512956139,3.985396435276378,2.4651837695954484
2.5542747019374263,4.356842484327464,2.6329793119863374
2.4538184132509024,4.194386104988369,2.60621556523873
2.284928982763607,3.882538835648142,2.1114622842897885
2.1076639196763596,3.3912515576772546,1.9325427294997186
2.3807682955201805,3.5971276686121083,2.5338715347311123
2.3127306672302925,4.253900978838811,2.316171526543561
2.1649539335452364,4.035119465903149,1.938039601144767
2.20931055847491,3.7249059314471684,2.0118620057843297
2.230188976593463,5.133624476087687,2.126925967684082
2.4506260595904337,3.5412907957747524,2.348460840004197
2.6243359277168232,4.02298834512925,2.7109116045053803
2.2710782708713086,4.391614731008792,1.9925906161449518
2.1260671879914126,3.6617249686876923,2.1342979659995756
2.1847958322547614,3.7376473178880136,2.114178570167409
2.3667478497992347,4.819855170137689,2.1153269170536646
2.2744782749642765,4.291957823176279,1.9739831134350714
2.464444488335115,3.854153998067398,2.309480518384852
2.0362909416078576,3.0909681358080627,2.0349945760096952
2.2117854230130387,3.4183303018005877,2.1791410381276624
2.1792419100141474,3.6647629589246686,2.0644459262052344
2.317648511986458,4.361476944614518,2.1685753084421364
2.3461704788760827,4.353610432141817,1.9879147320617379
2.623373435794588,4.159439879764474,2.534620184037812
2.740764894728178,5.122046230783526,2.702177388481613
2.2863798139452784,4.966872450532597,2.397148846563142
2.4983841268902,4.990130676735543,2.3171945589337186
2.438019265481471,4.863621955370771,2.395106598432951
2.392302953830195,4.592434898568751,2.100536919674016
2.8744865477954926,5.181448728623117,2.745481674450815
2.8405071182832047,5.081417697707808,2.728495570395107
2.539741904278701,4.707948934904938,2.084003422827278
2.4673224132750313,4.828797126761769,2.343606335254722
2.417584978272214,3.441494402360441,2.646171716004797
2.664147008410943,4.115640031368571,2.670840638292893
2.5097688740286754,4.157055559696997,2.362988981948357
2.2249176646999302,5.1516073715400506,2.09951110223132
2.426110482424225,4.047450540670889,2.3408719794448887
2.3868519444623306,4.61173706053522,2.2712328051487347
2.358910682454559,4.422414630531958,2.265574774659089
2.731183689907816,4.4646616797775875,2.82112799432083
2.251774364758077,3.439172450769023,1.9676811361290443
2.414002662935042,3.7451445398168,2.47788980093066
2.7046655725262916,4.962944039245091,2.405618187765093
2.1449911018533854,4.606141985529757,1.9035348234413738
2.707092263177488,5.3845291549531495,2.4198357910291177
2.307572953673713,3.770570560464205,1.993164437999556
2.4891357863494736,4.516211743530785,2.1707560535814423
2.6458688496274143,4.082346905179537,2.7122675899027753
2.8562768344332214,4.97732117647716,2.7904495887738703
2.3729897307903043,3.6444812469877257,2.3493616231739747
2.69360558536016,5.082487840511899,2.4460898388014627
2.5629975208100335,4.790420173531368,2.410673748729246
2.3611920408408924,3.4263682130873576,2.2266058638249424
2.658411123849512,4.058189118917986,2.448633455545374
2.773032901041531,5.083381186987089,2.6863006339204683
2.8197549531437547,4.971660292507737,2.6781450609667026
3.0397989967941337,5.418118631126465,2.878516977823825
2.4854685216531505,4.870281967449216,2.322460795683618
2.28689515007757,4.28543646699808,2.0525749989395115
2.4548410683364406,5.176226467185755,2.125281615445522
2.550778457518178,4.260332651170723,2.5919447371130753
2.5814416062337395,4.07400554466966,2.5372000144119946
2.9536673616968843,5.192008096908403,2.8692663388911552
2.6211770716276384,4.419899835855256,2.6483038507906116
2.739619570188493,4.5625226878101035,2.823715453114165
2.945483133142695,5.101544947113322,2.8400252215483794
2.8387910981174267,3.9921847092041034,2.793713183485899
2.3448750575935327,5.518884640509431,2.062146108695765
2.467681414000931,3.96452049852095,2.439431573538208
2.3197952366090924,4.034032703472438,1.9463783940967354
2.596070984061307,4.958900012106765,2.2271317949227125
2.657839013156452,4.961706091620939,2.5858489764127475
2.9280967311447768,5.009598601197215,2.808283449700878
2.6298351327891525,4.565475891735051,2.25274129543364
2.9000818175176186,4.613637208003514,2.845150163655128
2.3210979571865633,4.266859556337559,2.1439972647526506
2.706207167095358,5.472192720310863,2.754744943913412
2.7732630198734682,4.670028727058675,2.709282812686631
2.7139144999188716,5.147897529989827,2.5953321791281816
2.5844965348663846,5.050238517621358,2.4249260971390676
2.7338699108657147,5.117712572478988,2.603621516996281
2.365778702001008,4.933061887864006,2.1097940810973705
2.5156306684141683,4.685981900240024,2.389150987183245
2.505393076952207,4.184463704758631,2.371883770016344
2.8819672063434276,5.150871122105663,2.818308169132396
2.667736678916903,4.7091758913778605,2.3194492179046975
2.402659761043256,5.00496156869764,1.7340934307328797
2.9697732780987587,4.593687521726515,3.1593994687231852
2.920779832776958,5.168845603341559,2.7888079315365104
3.2030119055109045,5.472088072553099,3.2152522413172697
2.706216893987586,4.610090582138628,2.534008956672362
2.7210095846235784,4.651433808453474,2.409796337073264
2.9356355890323798,5.415481449631479,2.6369292050385837
2.6417467853713137,5.832587479973093,2.259568280425202
2.668484470329135,5.1887011337701034,2.5071589722304015
2.483934615059515,5.383954281651844,2.5553033409127766
2.440972066234752,4.7638504545558344,1.9935770981347045
2.658148221469194,4.936115280167886,2.522493992994101
2.6178091126161345,4.737248409152901,2.491858264879496
2.5356682390876717,5.520353583359636,2.4385638332759445
2.5386570462790115,5.542978818798912,2.2650929756727067
2.8703233766715965,5.679013546231337,2.464748737461254
2.546205640365563,4.988234944249791,2.5366846701466983
3.0623357856437696,5.591040353743652,2.8622392986129377
2.1650781218074373,5.089582284298832,1.852255108342312
2.459255059828836,4.6208211058766935,2.289577145277292
2.790691711619951,5.465660784803928,2.121831288972598
2.6658067388315283,6.567418519499961,2.2121543572270856
2.574340688939788,4.800479533587561,2.241991836515991
2.8222743374545445,4.881090493065098,2.644461433586434
2.7397235737718177,5.411676295273823,2.540267271974983
2.642082746850604,5.263318919235772,2.772591776851547
2.9363036611904954,5.306564014110199,2.8049146220241967
2.3210017059222974,5.34208894064081,1.922566423410263
2.544709779937556,5.745657825741193,1.9685398562967258
2.50887856511169,5.355387515574425,2.24796054061712
2.630014894151293,4.440335877692257,2.678695779630334
3.107601853622045,5.494527106872903,3.019358474368997
2.73098015267239,4.905880256897773,2.82932105474901
2.783248592064601,4.877704966888775,2.963208684825614
3.3226708704808763,5.413774433449513,3.0914015870916
2.9168198237503367,4.832072043699584,2.78679096136183
3.1609793410364624,5.032409576024678,2.9894719658201794
2.656373687220209,5.250161581528536,2.5809056535420662
2.3465961914896374,4.725682201255338,2.179839731615194
3.10049521802422,5.455953643785676,3.045129066136786
2.7262105798544933,6.220953424947588,2.44911108782851
2.6590258023607913,4.239145339225396,2.6831867910314973
2.709185797597822,5.267682128376965,2.1918104839912056
2.9638906855439098,6.027593850357118,2.3482077169693154
2.581302765796039,5.166024519862949,2.444070359334974
2.8949105793720555,5.351899583866546,2.952165151232551
2.6504640999742812,5.89264533853129,2.6212151184760675
2.4974807170584667,5.257410141787937,2.035496835291018
2.88023595319484,5.2213162495929595,2.73303422703397
2.5367472282262944,5.576521535920735,2.1328713544651823
2.4122381568503037,3.332736141546,2.5356084641478915
2.484618336658383,5.607693928128174,2.29936835523025
2.472564530203354,5.326073467139104,2.2517761242166507
3.1199751091520356,5.9105866787583095,2.986292837143291
2.461160366507621,4.856238255343614,1.90234867931501
2.723755670725886,5.5603549958754375,2.440794552417769
3.2699882705528243,5.978517350956796,2.7510183003212907
3.193282405537023,6.10833526150805,2.8331739197312333
2.7456435354883055,5.639278425384829,2.5355627963662632
2.799248338780221,5.3547873742558,2.6462959573217217
2.458360163271456,4.716021942073717,2.298965863614226
2.7208285380735355,5.396301934219881,2.5317251578532782
2.5618864646578525,4.839359272900571,2.3281595666498776
3.2133561127626464,5.709989807882746,2.8692480081657914
2.771726441859112,6.522473176241651,2.59367302150838
2.777105237297329,5.10417901674768,2.6557561957790834
2.424629981014366,5.082375033377634,2.35737183339372
3.225360457050645,5.921293906973855,2.9937089515208752
3.1707417892661063,5.620157842041156,2.853905386641255
2.9748904307769015,6.1756192361716575,2.3583674140727866
2.8691410548410787,5.6098731521609455,2.753682859537421
2.8257744606344595,4.678172244210325,2.639687748848292
2.8289536270439513,5.060941256901232,2.707284412394988
2.5988455665541186,4.846192422702643,2.618279338725012
3.345988888724627,5.520378229650197,3.7497700798582594
2.8259440938558456,5.774067817724714,2.6577166193441464
2.966910112857965,6.013045045492385,2.7523159298827276
3.0756410522796505,6.105051951463053,2.6232740118235487
2.880347739562595,5.2549452686715625,2.7251209842092896
3.2872080840023554,5.350535404568639,3.0219931804304485
2.6092045492044873,4.693028032667236,2.5389935759430067
2.9054550851598617,5.486798610692481,2.6179310375712364
2.604425026730784,5.29767995565038,2.2882897398767197
3.1342951833629593,6.066210737011099,2.8141878772328814
2.3902781330828775,4.269445787070394,2.284847643676713
2.8225767042196743,5.232309390152253,3.0517494254531616
2.733762402731321,4.308517577421912,2.538681638876254
2.6753148943329608,5.880503787357517,2.028607239274922
2.7387063252851442,5.860632758821083,2.2621963424125187
3.057288160434422,5.753447482250126,2.6299479842479974
2.710742513206553,5.179767703666066,2.4755243285918205
3.371270385840364,6.198700251416039,3.097938909107036
3.2704799183312225,5.422482192068992,2.9836641208633874
2.977868000622687,5.69417247858645,2.81074513441275
2.895281476569908,6.1773613296579635,2.7148764329063813
2.6555715646572198,5.562850037249476,2.350642871357972
3.0984776999016663,5.691000160840554,2.7271454475082018
3.1209687128972683,5.789571170990165,2.8127663492749546
2.650605522116261,5.933134832583253,2.53587594689051
2.533585906089127,5.264972184198465,2.1665272901488377
2.6794059889294752,5.189279957922305,2.1328904578222048
2.641278787748378,5.627996572482051,2.504530739065511
3.0028066317252824,5.547751697482203,2.941708912692177
2.962962018958822,5.11488878909789,2.7592743496892256
2.5356916418314412,4.515275347322692,2.1134805178850264
3.4064568107132893,5.327163089343159,3.2664597601368337
3.0733033468644426,5.811623953924123,2.9334404290592353
2.7906295349185966,5.7275875940232055,2.1714594690780755
2.987532077611422,4.822616467578108,2.820993249222615
3.0741845475585987,6.327399913752593,2.9462312247600813
3.1423775699148706,4.839148818685654,2.9222690158263736
2.626929740629647,5.061809638300126,2.574223030965053
3.290849810901172,6.277336394619007,3.1340075411486703
3.7264925034624516,6.398630536712612,3.893425862035322
2.8911890166379077,5.15049832831895,2.8678907837081375
3.0652630752217918,6.406717660417058,2.496720482130462
2.885160207841443,5.845386939431675,2.9541963222603225
2.9554788338210782,6.4645322371699265,2.407536250826462
2.8436538217134584,6.0871936098095665,2.4585479719842223
3.0548959610681874,5.339467616406923,3.2494724499419334
3.1695323862873246,5.735464292577101,2.8924260650426885
3.2365667038510972,5.649517370751598,3.1276736346507583
2.77961428277337,5.787057145194831,2.5003082564698347
2.993061403175159,5.7762019293291225,2.7883486434681215
2.8797461616602598,4.945448978377975,2.7037230181576097
3.287896686143445,5.256413571590748,2.9054616348292095
3.2875072758607926,5.560236204102556,3.070758170501608
2.8448318624661626,5.761232945509315,2.6279832233573694
2.8808332427534333,5.246237398652895,2.700773637368483
2.919871902186033,5.864115228098831,2.3941494487954444
3.1713559596344654,6.327870176245094,2.8136147484025793
4.099347164173925,5.537860758431867,4.385493779463614
2.8502605965054304,6.1493412164461425,2.5377454758050924
2.5078678410088444,5.42213856043527,2.1960941257684548
3.4594537199723217,6.125624555725105,3.1019734046038434
2.915137927667337,4.828091317610584,2.7173413570236926
2.8032747977829056,5.263683007588629,2.6764193970158177
2.974095269629534,5.350371527695414,2.868488206576566
2.7244996781356647,5.542112092025604,2.178102059669399
2.436650303365429,5.04068226202064,2.1686787135010768
2.8561324575937643,5.258514891124829,2.90609293005147
2.2866263524074077,5.664888029744363,1.9033473170169415
2.855856465793768,5.153174263833129,2.5751491815219563
2.763101905223408,5.1678238760643005,2.6954248972612476
3.309742813166655,5.914844764885217,3.3415550936524294
3.1572059344474086,5.694275238924812,3.11536084794722
2.608440651615821,5.205362176562751,1.9081174345532856
3.104315370024456,5.900274484569452,3.185741058897583
2.6394504547993423,5.276659275023672,2.525697616404697
3.1377072655101976,5.490698098050835,2.74805744000587
3.2117191240792153,6.286925791941626,2.719280681171421
2.989323395183949,4.957205551460122,2.845847122468209
2.976984258939364,6.455902125935683,2.13809178711476
3.1055401845427193,6.119862212616926,2.7194617196033315
3.3341168701342374,5.517994810339893,3.1245403469251793
3.389978317348544,5.764869380483946,3.070254660017456
3.0064172670085996,4.949234057422025,2.64739818794491
3.2880242400023745,6.155433350689244,2.7686310240590086
3.488886135770116,5.973411085082874,3.238168612264519
3.440881423814178,6.141261855372662,3.013642102620657
3.811431485804372,6.408612688223663,3.828247982605392
3.251396064499799,6.102798714055355,3.0658025888897136
3.9150513066701054,6.229287245996723,3.437793656906922
3.622306631801062,6.405328604375901,3.3792977873671575
3.3642693078034585,6.44331865518834,3.146233738817751
3.7051951013611224,6.416916835177338,3.2445059496253723
3.432850762192718,6.181543046030036,3.2769724396424085
3.5352538281501014,6.048477667003044,3.435280207380231
3.3071625408072287,5.971397065119337,3.1193250638833323
3.1362820595568977,5.793139747620216,2.910170047973646
3.3760627077928906,6.40427851690231,2.983295945892248
2.8432989722770476,5.107707437449846,2.500690765124475
3.891418818720686,6.343590441782986,4.20599923934881
3.3610151867126836,6.015461159492529,2.5812768948848253
3.2431746867667437,5.709948090639097,2.797482897840612
3.404855055066982,6.299411386470094,2.827191698513574
3.1408693000338355,6.185785013058088,2.6854561246681734
3.545261554991008,6.656394817734295,3.6716073792892923
3.3873013122778617,5.788208814124396,3.215351285095884
3.326697318177461,6.590926712714331,2.565933085142013
3.72454900673089,6.472288969086161,3.324459843319489
3.240026709180809,6.380638856958459,2.7807486073502785
3.3225099869976953,5.639646109947316,3.1950887189330612
3.5601075898544914,6.282531737247613,3.0464779792811214
3.319335170718829,6.3061729862825135,2.7928473938080507
3.2392824697768483,6.486702618335929,2.5666270379828973
3.454443594073873,6.921392394424361,3.096853754785948
3.5886613794213646,6.625340139434389,3.0704291511824047
3.4670722461409427,5.996263367694031,3.40571751128389
2.9894368255116532,5.591923821781357,2.8390442082195912
3.0971329288768463,6.959831211857814,2.4345199157474666
3.675623994953277,6.5658888871285095,3.1536410896056255
2.8440446105545107,5.807824333558594,2.7704706874821445
3.2617711190725887,5.7112052452639315,2.845996141480415
3.8078384830189926,6.233255906129997,3.28783764642854
3.4638796978027955,6.756580362509336,3.34676048334208
3.6812040782852073,7.167466231951,3.035663589406279
3.4632306293591597,6.183243608274456,3.3125081841424535
3.1678437977298257,6.406053563273421,2.958172409287095
3.320869181191889,5.734587694118694,3.12492280544914
2.87040910494406,5.899533464277238,2.246178407753819
3.737284724605989,6.501726498314851,3.3168968339768217
3.4307636826314405,6.096518117518517,3.0514676603822957
3.1766843911768263,5.435027718550515,2.6297050179931176
3.30503275623082,6.5367020445211725,3.0226324748618594
4.0399982438354165,6.773530527889944,4.3602179348584515
3.352789566724838,5.753160746476583,3.003634087056642
3.613662621271177,6.697112194135561,3.1201310758119387
3.5492702284363986,6.79269223451528,3.258123061809716
3.6848681701323636,6.662454476731078,2.8902497139776138
4.076077193745096,7.160262427703138,3.6040715132276677
3.480699002324073,6.907675895513895,3.0363929863893953
4.111393277603929,6.211421310646028,4.341470040676172
3.7032200874479515,6.631966627454107,3.1530045001506473
3.5764078710208893,6.682729150261176,3.2180559060787317
3.7912143229361654,7.154220138292011,3.441031003076956
3.5011559681942224,6.8711595916508745,3.0355758021449084
3.3654804876940654,6.798663723233943,3.029460916783046
3.4304721434013405,6.274609694813218,2.681351000898046
3.0878553926986037,6.201362629285651,2.869417500639744
4.452542986555901,6.709901065530358,4.621086642350583
3.1009806124188275,6.512356116620185,2.4856126501741107
3.395038595710693,6.810595969163574,2.741697825897667
2.981825427684245,6.119694236310461,2.824064741820629
2.8833930482814747,5.161608606966592,2.704808375004263
3.6135284987684297,6.371612897927196,3.344330736927299
3.5666713806022656,6.541499090808411,3.0906685995644025
3.5752973696051087,5.8441934325785105,3.2588909103057047
3.5237403562412872,6.504597636413465,2.9818948638511102
3.4448852227495266,6.452586518200457,3.1994623455949687
3.3126491644583087,6.548775673046968,3.040490622224136
3.5562881742695476,7.005291463996807,3.0487650396700685
3.2380890729576848,6.226036020142142,2.9939527737329144
3.8440409699776037,6.052595818232712,3.515538716392422
3.7470331140476842,6.234623142891269,3.1243672537415095
3.1644781122185237,6.626244140524499,2.6355653544286044
2.8298530492552176,6.166498843505696,2.4667389742492736
3.397076404107653,6.072034325573016,2.968684615996323
2.8798308622610556,5.585279381184755,2.483987926957703
3.418989036570756,5.948812159112004,2.8502446422194314
3.127204123310872,5.6887183217409,2.8536481423795976
3.5578741615642606,5.976472920483891,3.3237495284679444
3.0536673454449383,5.932805148489754,2.816317806452885
3.2746309596822103,6.945986617093866,2.610296077400023
3.332972624445948,6.375924455196444,2.9473864340357028
3.2421560626114894,6.2992535195094845,2.3730331048847253
3.551784323383564,6.136261791377893,2.78747807771677
3.610125068158807,6.3726264517267825,3.2279621848666746
3.922132321680741,6.5721140959919016,3.436757276642817
3.536325832676682,6.332024894453617,2.685288360815537
3.0708155059241724,6.514802519119543,2.599370744253962
3.278298488194805,6.351008759210383,2.5193519811088136
3.228265900840391,4.99243154017374,3.093357134592143
3.465773463878758,6.68426132211264,2.8559936594307462
3.797255868101132,6.312039863540141,3.0589726433835787
3.556284461745453,6.253685876193453,2.6139580316844446
3.3166757524941852,6.596519089456063,2.6743404231615533
3.1648575842774727,5.654265636939238,3.1374416082002523
3.898442132968788,7.244435556255315,3.524665701875337
3.3749651489507717,6.446357121545844,2.8440564076354082
3.346357175297112,6.502625194333422,2.815873508102254
3.3318913114259834,5.828755439726926,2.947792281570388
3.6939125933500123,6.738497350701473,2.8489141900587684
3.206949058249313,6.373380751125892,2.7036187012298214
3.4493750871721476,6.651515916589972,2.9802380448203762
4.115486711933595,6.838768388732068,3.326589769595336
3.370936560616999,6.3695568400111995,2.9512000782683665
3.4567617063057043,6.724319666912921,2.5782003217350145
3.28762919623313,6.756467271274724,2.731509261150813
3.9557716078880287,5.969259855291927,3.833854328100509
3.8280770871029866,6.475348870356518,3.357488563990545
3.734807940776057,6.567946578674426,3.097284665798424
3.823793536648342,6.138320344525139,3.4153121562957987
3.813660283240802,6.937981767804182,3.4225511894574696
3.797262048301662,6.956838063275731,3.3374318245160746
3.551682066219615,6.628949383351163,3.077393819173302
3.356725315320922,6.887946003776679,2.552818063996554
3.9334572783524964,6.662494718802467,3.3846408350870423
3.6651823532295316,7.377777490077696,3.1345597701938175
3.1789043085893995,6.321198856138286,3.0014651485440695
3.821148536084247,7.381091142884845,3.1809344887758293
3.983334667514125,7.083869454439169,3.5692163858337076
3.4320745877746184,6.625136680836707,2.9747904582635964
3.396646658365097,6.980934036148078,2.67840210334802
3.2107747509099704,6.522699168486232,2.8771782607298793
2.9763999474966916,6.791285831635504,2.760601642326943
3.85790772556366,6.718340252038482,3.343419003256105
3.8217358484069406,6.5944690932823695,3.012796216685389
4.002613782797569,6.570285216204555,3.710450191946542
3.3467379566946294,6.507604305544546,2.918796842145756
3.344147186768291,6.757503229350259,3.1049181018395786
3.81331177291515,6.70958225940415,3.301953945543115
3.6173298676979635,6.5059088227618345,3.130040957821708
2.8745551406555148,6.119926668874754,2.4642927292682377
3.577339356414003,6.368861104962006,3.102498449266045
3.4496872417086633,6.973908061928767,2.8110696933109436
3.473499878856817,6.062651254459849,2.82198121873543
3.388249790836426,6.448791140571433,3.190605157416575
3.9395663646873267,6.83877585920217,3.5483653324283493
3.490420229164723,6.787361845390906,3.0255154740549566
3.431852640897505,6.440177305025292,2.9287147238788016
3.726520199209839,7.464204354993513,3.3668351180912106
3.4643989936141795,6.300987041476766,2.9728023239898826
3.8063937403555856,6.766620679005089,2.8040461664566245
3.073395717914936,6.561167358963242,2.7488555436139364
3.3649461374801213,6.023780590557947,3.0080126128259335
2.789389100619818,5.858848402691581,2.478084550749763
3.4561505098840954,6.405398079989379,2.9390581383386074
3.087862227309679,6.83757585191847,2.6418020975097347
4.064982602410928,6.426999669980688,4.0931751048619045
3.6953929871127826,7.16518362344638,3.0710048087521127
3.573646773209268,7.447018334586252,2.8961261419477653
2.8789580856596677,5.820053858064707,2.5390290427490587
3.4780933287938667,6.304126926741398,3.2500470926876854
2.9439217601643444,6.157098121076047,2.821194359772422
2.618646028614921,6.006294144378693,2.3191946298097283
4.083989644783223,6.983089913806222,3.67082011646046
3.3964586953414657,6.911012210424514,2.934924785338391
3.218674222795246,6.3274348381283305,3.0094371931063524
3.224274144491458,6.020366054574602,2.772958863784311
3.9018410006185342,6.946941586091631,3.026111285115221
3.821098557088146,6.784302390865776,3.314115820787197
3.5680335108935815,6.605158971469736,3.1812522490410524
2.7880789194454545,5.800565128983674,2.4648067091509116
3.184274988176018,6.333953224503839,2.8863183296364907
3.1052416309139663,6.013509330119107,3.0557133128580163
3.6554082357526756,6.108824682131344,3.237603697310579
3.778249706515883,7.045123677124817,3.508998007703484
3.6295423181819544,6.002680458949277,2.8078289039478315
3.1169840517559093,6.131251802559848,2.54424527088691
3.5916148636846925,6.308310712996876,3.199417468034474
3.389762417653536,6.21420913558325,2.918143538692025
2.885588138107016,5.86270032835338,2.6147954681559584
3.0577045957370843,6.80142345553064,2.7432672360545185
3.323160290664977,5.96405061260938,2.941751866447335
3.687200499990186,6.958647576753224,3.138992067608953
3.756109367937892,6.3800116159451825,3.161436464804045
3.6696143425161596,6.892734112201332,2.840414902047172
3.309124536430301,5.867508176801795,2.974881831182686
3.4772162383101937,6.132011737077887,2.990263156286842
3.3766478441452143,6.143641732462825,2.9883438982616197
3.2472465871552707,6.779406842856012,2.8173776855821826
3.1967147824053592,6.248430238513782,3.1341768950982933
3.463893532127014,6.615943799401242,2.8729203455748746
3.0771276150630777,5.911227533351131,2.7451114356929507
3.8572225106027536,6.873656470588514,3.681023505273179
3.507374924856448,6.132456640074291,2.9163996985680667
3.448970122847224,6.062764386494534,3.045266761833677
3.016346775207129,6.095847740192967,2.7716289536099024
3.283426752049431,6.946321398363345,2.4430128088855225
3.167512705412858,6.054598767073415,2.5604193551962906
2.96642839573306,6.594225503013541,2.502658423466428
3.198718421904851,6.914464735712375,2.6386588263192765
3.4744001958324393,6.742316499500817,2.783867828622415
3.1670158550789336,6.132380833584659,2.585135773544573
2.629071808803503,5.040344064939534,2.338208058571439
3.235598643471807,6.429250079676203,2.8536555194815065
3.4559921344742683,6.285526979036893,2.8431969231686507
3.033941038786061,6.348834270097481,2.4676400388054653
3.466486995627279,6.507348657216546,2.9469138478624113
3.186817275380098,6.0651016934030775,2.695921639976224
3.553716856291988,6.927148137030811,3.256198021070645
3.1383176875877994,6.149719611531099,2.7494053030664594
3.073696184751846,7.507451572992059,2.698018187878602
3.8483729649781147,6.068827119933894,3.5438493301848855
3.0542925698219467,5.970105574304728,3.045815593662647
3.2297108924882716,5.965569915591919,2.933112610752045
4.021093638645765,6.886403554325604,3.2624738179979627
3.4802516992199757,6.712256173209743,3.034704218533629
3.346664964523339,6.495536956484728,3.2100048973992683
3.1095533208169166,6.441376603558323,2.6186335449215785
3.8254254485513144,6.586012299792873,3.5599171530465643
3.452524240723406,6.361400176812229,3.163179381774987
4.0989573762849005,6.874151267063707,3.3953958534895787
3.4027102369512283,7.385804272522551,2.7869515429615372
3.7456786149048273,6.60802300854658,3.4027381406913015
3.2470757178150635,6.501198542365861,2.7602799285546222
3.744047135940255,7.232942174294472,3.139144253265388
3.1160813236359637,6.138816246929662,2.421779817475359
3.775974345246282,6.752713164733066,3.214838468060328
3.6031154087087693,6.343627943518784,3.082781470892426
4.1254270948091385,6.871625089697181,4.551161594546127
3.012240843703785,7.070672389043844,2.582750804746821
3.419339338128805,6.272834070506294,2.7607952468180494
3.125050340622952,5.843960732577061,2.877369381880696
3.4145636780883564,5.987684366884782,2.8945047153080345
4.321805169487065,6.644353224255319,4.706903614688374
3.8023329012596627,6.270532172937742,3.2793636151823895
3.460129899568554,6.905130212942186,2.915662752426104
2.9310937705224966,6.3584724124807765,2.585329614186722
3.2356384679309933,6.297441970509115,2.5661422584459395
3.6163554358293784,6.501951411784794,3.12243994391583
3.1894505597254494,5.983027645815705,2.7094288615931044
3.857522834985341,6.544404507736206,3.7413906598578253
3.191662376523822,6.002803926145332,2.766883392593525
3.661661528818641,6.884856771413799,3.0310296021704897
3.755149855076717,6.793281464461548,3.137239087898325
3.740962090148742,6.702246480007821,3.213493787327864
3.239583466667444,6.318185184309879,2.8573034253846377
3.634396466172759,6.077689579759664,3.4979784373704477
3.45936486152945,6.526104481108898,2.9247590858893844
3.1628636888508517,5.9592199923374,2.761029643797426
3.533520983428436,6.3740767011169,3.3526671577012985
2.9099788583997155,6.469114455996045,2.5282227550018694
3.532086632390876,6.869730856522956,3.037345760912562
3.3650389451683305,6.456108477237808,2.4973420876527097
3.5452231429897894,5.980916163714812,3.14612773205555
3.484031943866502,6.47503876545289,2.829935790178837
3.7197451046069796,6.266601521929019,3.1972561919946076
3.602511947601619,6.244765410946123,3.2815574824903733
2.946749558668032,6.015304304824317,2.72595949773802
3.2982355346566505,5.928316934854067,2.5549617528039903
3.7150394806879676,6.60970929979347,3.101447978364863
3.32154759215,6.630231846187916,2.902722320581966
3.9778450049293683,6.248911105192795,3.990865332552305
4.1415545093266335,6.837965275608296,3.913619088470603
3.6851066798413563,6.964205672180388,2.8422912533221965
3.7191407160993393,6.369345608437224,3.2350996313301206
3.497612174252925,6.202739474020314,2.982974590335083
3.8025439295641417,6.436395544384164,4.148419502566492
3.3121486443789667,6.4658478091436,2.8448874522020544
3.2193972832299367,6.6048228015669395,2.907435202711406
3.647447485349532,6.776847572629107,3.3888411445844735
3.4645081611650537,5.690529641063919,3.0666331215584206
3.643913165449394,6.62719711231191,2.9814884722320834
3.5068142719280133,5.916044731517437,2.783710786011893
3.5082184979619093,6.087056886586798,2.9189277411633077
3.8264916094567925,6.774329511323073,3.0691861603267543
2.92673075626848,5.5336560493840015,2.934529808356719
3.5957102336731284,6.864931905772123,3.042072174099215
3.3988777567982,6.62226005628057,2.79094413641503
3.3807571045870106,6.290914146297122,3.0217185571852
3.2081143059265806,5.494789698353445,2.8413521219191917
3.891641747078438,6.482591301890444,3.262474621888993
3.6477912993863737,6.257501623302087,3.535399722166563
3.5802873421874946,6.46712512111921,3.2176988574945993
3.787610708098052,6.989729455898772,3.256533232613783
4.271979839383269,7.396788990334948,3.5389512865985293
3.4358675290340983,7.240794373193673,2.9210061367818354
3.7482867535686584,7.219520230534984,3.4561473551121304
3.915040687495507,6.6023912514869965,3.4025725363897226
3.8553280909146146,7.144995022780158,3.294878596005959
3.6514210983113786,6.079089042253898,2.8256225262173587
3.4798930673139474,6.671955804508762,2.966184895303795
3.3078228160050065,6.306174401699474,2.8877811439106704
3.497836674249955,6.64962298165422,2.957990452557404
3.4633006626439453,6.708297308652412,2.833898738944492
3.3817044777310508,6.641480014603763,3.135630790696819
3.1965159858673666,6.78869755177811,2.35415230531376
3.534517219002664,6.325740114700647,3.095667574495636
3.487379462786543,6.119318742476457,3.1020628127633563
3.1928031646119686,6.656624848367191,3.1530280255656518
3.91071855652235,7.070159851906032,3.131625074174928
3.6758140268383923,6.849945000790447,3.100181696225743
4.158475426569423,6.254914577378614,4.631413768479265
3.555995680899394,5.844804501536156,3.335237251530703
4.1174599110244685,7.4316766075676295,3.892192647984528
3.3959418755918316,6.800038713633331,2.85116918834367
3.268801759961222,6.3092885697033605,2.840272691225055
3.475929508658782,6.067089519447314,3.123274230883162
3.639607457719684,7.258603530744223,3.1607815015291356
3.259515030990917,7.086149971099447,2.350428853648646
3.130705364977924,5.265224888587224,2.8619419918859927
4.162122625236285,6.779542664287438,3.668666667256442
4.142570946580911,6.984191143694645,3.639727638566721
4.3452272291627105,6.456393726652019,4.794991269422894
4.138282837852962,7.5388476884463325,3.5617075421333375
3.9746170553841567,7.335827307362403,3.3221588421595927
3.9398946209627312,6.482501877300086,3.3193015464009124
3.336184458233806,5.810058015904779,2.826590319580343
3.2384068333202753,6.898256618619108,2.8644419344668015
3.7073304882559484,6.878471428287226,3.254481890831612
3.7890271160964097,7.125812178989408,3.2652910617377024
3.7616183907986596,7.2453108677640845,2.9193584611998498
3.741129180936421,6.186498805736477,3.402741566712584
3.3176878219513073,6.890227576331491,2.8949620315222493
3.981252925146029,6.631606735490319,3.0760012677990645
3.9096603376516006,6.750538159551153,3.113060311727465
2.98593832379584,6.871061391812841,2.645008297264096
3.9408279118414455,6.89930079696156,3.293981192065707
3.730042932238105,7.098850524164488,3.2022796929258384
3.3603184804668924,6.755903708354529,2.7960547665534774
3.8450980826491383,6.553109985783719,3.290693357364268
3.755684518089015,6.882836523784748,3.3546530048917536
3.3354864399049995,5.879304503328457,2.666432296071841
4.070470068909879,6.8144293557084925,3.6692075284919197
3.838969898030982,7.430423494829354,2.9244682508441575
3.461718160567255,5.6810265178668375,3.0862784961427616
3.6868204377241733,7.0804650059138385,2.7055341355698026
3.572881061381908,7.131454186504311,2.7435764235256563
3.571148048188366,7.056614146353298,2.979227795673488
3.6274628855315125,6.750365665654218,3.3101082794753878
3.7521501560911763,7.653622245662088,3.533292036949929
3.4092720549944424,7.129644248081529,2.933694987962021
3.6817872591452137,7.000801724893565,2.9621910260913156
3.1629407165608883,6.170392971327652,2.5251253550095707
3.77134596071082,6.68317433409841,3.2306724835420453
3.4097384245975126,6.557568578643658,3.0669649385877573
3.7697364146479915,6.73294026836343,3.1078602180310813
3.6618811855267213,6.141731438515853,3.1825993859581003
3.5873358315611115,6.592690441773643,2.920771557811719
3.653850974710027,6.930330197122253,3.220455656237183
3.360776218588683,6.593831562810684,2.718515808744569
3.8190195210764104,7.101751558850562,3.4316100229039384
3.7760604583996327,7.63177971430426,3.3167854280831763
3.4273403250164414,6.4747605050806625,3.2001387485288677
4.3713909974194465,6.902814789787279,4.68825144308588
3.782985927532213,7.027433536230601,3.0543016469578124
3.545244085750615,6.552592702545249,3.0532903218151226
3.414596315475819,7.085329985620936,2.9674003751209095
3.8362749861266026,6.223177771831832,3.6044427737028095
3.9694859222600756,6.9505615674878705,3.805662178754389
4.157897168974138,6.7555993830253165,3.2113307802250963
3.9744576784552472,6.886467343173729,3.3125266256943844
4.046845214416756,7.081436706623259,3.3710343718983813
2.9782536061100537,6.591365887708044,2.5593357992458405
3.6382672903268642,6.741074472677938,3.1903365116323616
3.4500362743323323,7.137170375931525,3.0046994783088805
3.8393126890556,6.596694262017948,3.2347504602958557
3.1459904877159914,6.788309442938536,2.5914259640910835
3.924428308120568,7.027179679267203,3.001393730803173
3.4892361910532714,6.672469798899829,3.1545544542569752
4.005022196950175,7.109924701180155,3.3366038063043346
3.7721801188601516,6.589903209154912,3.2021105096549447
3.837994023701898,7.174244994458584,3.136044340756774
3.526191724140495,6.652053448488459,3.065608849732449
4.087685107298096,6.731626455838908,3.328893222447057
3.3709090006702653,6.682415178891419,2.8698956508325555
3.533795988474932,6.979157148297556,2.7656794652913534
3.9408297781441313,7.393789147274408,3.214264397146964
4.043755010031293,6.882136898223155,3.374211526712427
3.3237153220800124,6.282580083729047,2.8477114111490223
3.60688370940046,6.311398810182714,2.9597855779837268
3.9541475323240847,7.404445869536156,2.977240916679161
3.4400037383423046,6.288656389560744,3.0579690084985964
3.991466475031523,5.952252564708094,3.5586963553013025
2.8818168773176773,6.250982068164529,2.421310617459881
3.4353570905660775,7.13455024298846,2.688876408244182
3.43273532129834,7.268302166575822,2.937916549658856
4.9972272207924915,7.635879932682273,5.792568638308583
4.241589412289914,6.845484188985774,5.152393673039683
3.8755871377166287,6.340436399647523,3.357331823586856
3.1871521892110346,7.422612796154819,2.909301438606044
4.229699829252591,7.381978080367141,3.5793602163874927
3.335386991123884,7.605222903166537,2.6726067916869973
3.495764559021531,7.1334409799690555,2.624306325001192
3.5043461274072545,7.292744805615344,2.517915394807407
3.9338568228304505,6.691946437965759,3.2172341241958415
4.140636538514515,7.0688883040225345,3.623312191219522
3.3862628221090554,7.038123335148157,2.9046181155529105
2.662677726656675,6.750640120912843,2.5427148311046923
3.9409680100016615,6.575122871683595,3.4785266055658486
4.506246691864584,7.423002399544636,5.072151286396222
4.72846546164286,7.152889050548701,5.450359225203474
3.808666359067058,7.283273175373844,2.7616719609216966
3.6234691365189677,7.849136918050443,2.9205174198959716
3.6811406739606007,7.018121928699631,2.900111716106712
4.115413695616585,7.081563145000638,3.6216481271865666
4.816911140150823,7.428807779259317,4.612603247306811
4.14165177155408,6.9897059534019474,3.304849287096386
3.802146627546528,6.6339267590178075,3.3719881037991426
3.6175395453821566,7.240716960144919,2.8700366870728535
4.323894017847829,7.91031110943834,3.527268016245725
4.51986706089847,7.653044432300381,4.732320900583576
3.9923358290714277,6.727502531401709,3.2097444940652835
4.140264966474968,7.314840361819982,3.3545697902836107
3.8327448779521447,7.145489129769485,3.1225429673941427
4.530443764221406,7.969883836599703,3.787110173797543
4.364718827946765,7.2163981705718605,3.760763609293714
3.7273007915120138,7.070108173727264,2.7835130836752415
3.645439526444629,6.536497987546787,2.7229668034778767
3.632417984579675,6.591965215004567,2.956051808936001
3.723518522723638,7.085285062563694,3.1617357314517918
4.0029213335010185,6.904838474883597,3.3550550689600787
4.187338167434839,7.37851360400882,3.1593480341173117
4.5587107390333,7.832843726021608,4.609288243542284
4.069030019104266,7.940385828373333,3.502213238943349
3.4444574729405852,6.824482366769023,2.646788386447287
3.3716808800284763,6.771967145330628,2.5981015220921604
3.7435611642855324,7.263688020160577,2.9636784511022105
3.8329687888685458,7.184687844084186,2.9509717083944462
4.650570863077836,7.767514491124475,4.812788743981443
3.935289820763426,7.423651330324338,3.255275720810875
4.050884262940492,6.991104460723814,3.684462298332793
4.6049645289237,7.378277304592638,4.365928405108702
4.321423910879466,7.464834154047098,3.6930818609520015
4.394579690621535,7.4845191478733755,3.4281961735993627
3.8201152711419413,6.811000597112457,3.2485826786476104
4.125994719655762,7.3585792174633955,3.5301091175680295
4.587489898113043,7.326773742883704,3.8967489685243017
4.0707609604198325,6.898976678100027,3.242019180592654
3.8316508874476782,6.69997965640423,2.919364080575611
4.403528328263418,6.8267197031781315,3.553563102601151
4.516037922042979,6.774876931933479,3.8423682790344476
4.206146787481405,7.377241568666948,3.673795382699521
4.308237281072378,7.487473801272172,3.6279867496950517
3.717353435614016,6.660825517323998,2.957101304881748
4.360253644843722,7.1355571640950775,3.566975144755817
3.495317903775172,6.712146974803503,2.702434411185806
3.655856671797082,6.951307977793818,2.5847817763429974
4.426819214215758,7.746905398105089,3.60680381787621
4.096623309443901,6.964649147171878,3.0830009173151747
3.798253462416853,6.929013641429959,3.3835984193504434
4.504031564005457,7.183136500175497,4.815022726031924
3.9454210609625724,6.633357694745512,2.9904433454512445
3.386102173345292,7.172598532058511,2.9388657184397387
4.294441233841813,7.316733967034422,3.613155880902327
4.509455055931282,7.136480730854357,4.255651444946916
4.396269227170897,6.954660194993204,3.558741742540016
4.116725591135534,6.922728548408871,3.6133072710131486
4.0997566937697885,7.868085531210996,3.1596648296314362
3.9018340895609804,7.54503581242221,3.154212620856023
4.1795113358861276,7.951490445187307,3.271540722893569
4.6538117727081225,7.550132154904973,3.525020739486937
4.580077849150001,7.9612641185822355,3.8415123071103343
4.16862782983498,7.7099122578483446,3.319557122989449
4.402132939077951,7.363431844081388,3.8008153873168897
4.064043882363272,7.002979484734352,3.563627091345029
3.5964272219839986,7.923715545574609,2.520594591542097
4.116481308841577,6.706399109424476,3.425293433249695
3.9094606378476087,7.416455573850217,3.053897001428485
4.720541009413734,7.256846082676541,3.848305381294585
3.7897888723168256,7.105279116370374,2.9413061007405883
4.366674896501253,7.118456739878297,3.672871728606909
4.112860599156169,7.442033047905563,3.3313568156978897
4.306130741631644,7.070166693297862,3.618030286420741
4.299180367203793,7.255041954834185,3.929197295198165
4.427647112367554,6.98820593200359,4.4615539991339075
4.265654208479473,7.351305860734661,3.3606509509157045
3.5600829836988916,7.064768165846098,2.3590948885738685
4.0432948021684405,7.2509269629267,3.1302390238630764
4.043652867629639,7.323318519640461,3.4841844719121964
3.3946211931144017,7.215034922134226,2.621447094645195
4.317801957985759,7.181618152526434,3.5623867345296985
4.346213081778375,7.719488264209577,3.4498120774335668
3.916404335745675,7.166345750867937,3.1391191009502837
4.5174764205802305,7.591386718535591,4.454066170594803
3.8441799017826868,7.53809908976457,3.166261191210843
3.8365477788120455,7.72034316080785,2.821059487088258
4.837409124445334,7.952209945714903,5.100457855679959
4.520120203269224,7.483339617499725,4.922670073977683
4.155768317310252,7.910271436040626,3.384409023379281
