Run Folder,P1 aux_1_length,P1 ankle_1_length,P1 aux_2_length,P1 ankle_2_length,P1 aux_3_length,P1 ankle_3_length,P1 aux_4_length,P1 ankle_4_length,P1 aux_1_width,P1 ankle_1_width,P1 aux_2_width,P1 ankle_2_width,P1 aux_3_width,P1 ankle_3_width,P1 aux_4_width,P1 ankle_4_width,P1 max fitness,End P1 aux_1_length,End P1 ankle_1_length,End P1 aux_2_length,End P1 ankle_2_length,End P1 aux_3_length,End P1 ankle_3_length,End P1 aux_4_length,End P1 ankle_4_length,End P1 aux_1_width,End P1 ankle_1_width,End P1 aux_2_width,End P1 ankle_2_width,End P1 aux_3_width,End P1 ankle_3_width,End P1 aux_4_width,End P1 ankle_4_width,P2 aux_1_length,P2 ankle_1_length,P2 aux_2_length,P2 ankle_2_length,P2 aux_3_length,P2 ankle_3_length,P2 aux_4_length,P2 ankle_4_length,P2 aux_1_width,P2 ankle_1_width,P2 aux_2_width,P2 ankle_2_width,P2 aux_3_width,P2 ankle_3_width,P2 aux_4_width,P2 ankle_4_width,P2 max fitness,End P2 aux_1_length,End P2 ankle_1_length,End P2 aux_2_length,End P2 ankle_2_length,End P2 aux_3_length,End P2 ankle_3_length,End P2 aux_4_length,End P2 ankle_4_length,End P2 aux_1_width,End P2 ankle_1_width,End P2 aux_2_width,End P2 ankle_2_width,End P2 aux_3_width,End P2 ankle_3_width,End P2 aux_4_width,End P2 ankle_4_width,P3 aux_1_length,P3 ankle_1_length,P3 aux_2_length,P3 ankle_2_length,P3 aux_3_length,P3 ankle_3_length,P3 aux_4_length,P3 ankle_4_length,P3 aux_1_width,P3 ankle_1_width,P3 aux_2_width,P3 ankle_2_width,P3 aux_3_width,P3 ankle_3_width,P3 aux_4_width,P3 ankle_4_width,P3 max fitness,End P3 aux_1_length,End P3 ankle_1_length,End P3 aux_2_length,End P3 ankle_2_length,End P3 aux_3_length,End P3 ankle_3_length,End P3 aux_4_length,End P3 ankle_4_length,End P3 aux_1_width,End P3 ankle_1_width,End P3 aux_2_width,End P3 ankle_2_width,End P3 aux_3_width,End P3 ankle_3_width,End P3 aux_4_width,End P3 ankle_4_width,P4 aux_1_length,P4 ankle_1_length,P4 aux_2_length,P4 ankle_2_length,P4 aux_3_length,P4 ankle_3_length,P4 aux_4_length,P4 ankle_4_length,P4 aux_1_width,P4 ankle_1_width,P4 aux_2_width,P4 ankle_2_width,P4 aux_3_width,P4 ankle_3_width,P4 aux_4_width,P4 ankle_4_width,P4 max fitness,End P4 aux_1_length,End P4 ankle_1_length,End P4 aux_2_length,End P4 ankle_2_length,End P4 aux_3_length,End P4 ankle_3_length,End P4 aux_4_length,End P4 ankle_4_length,End P4 aux_1_width,End P4 ankle_1_width,End P4 aux_2_width,End P4 ankle_2_width,End P4 aux_3_width,End P4 ankle_3_width,End P4 aux_4_width,End P4 ankle_4_width
OurAlgo-MorphEvo-Gen_2088_21-12_00-53-31-853486,0.8929142974931968,0.7184300963997348,1.3934636688845723,0.5898901725681014,0.6260135606676024,1.3326599691761833,1.0996534500229245,0.5024235787154936,0.14989676247353398,0.11106304739692083,0.1595966206073245,0.1831358167432794,0.20001242273340059,0.17060305054668712,0.1518890377047665,0.1040959493744946,2493.135229522674,1.4775302538959796,1.1156404569424172,1.437382337480848,0.8046152900799809,0.9173710207396824,0.776399910524439,1.3016394282455699,0.27552093187418947,0.15511076015050806,0.09969457286149135,0.10464738307424326,0.16000336535630544,0.059746690448825926,0.11278079082227072,0.09504970023382567,0.17387347780091386,0.1336225813627302,1.1707097185884139,0.3954583294144427,1.1700796572973797,0.6877049444720826,1.476337325415832,0.9394113400915939,0.4071633580789469,0.08125712616025049,0.10339556065205538,0.13146418904985724,0.10810557247315947,0.16186919856531656,0.12091512676918698,0.1194121552015375,0.10690904182537793,1006.900737044988,1.109662508369761,1.1492688342630046,0.49914845564179705,0.887438936525532,1.0873648414431973,0.9285360354214964,0.9881653853105276,0.2555519039135059,0.07348971519840622,0.12362560871475936,0.08502145266581082,0.06815608182520576,0.15498295598384632,0.12582630679608375,0.11750633534874398,0.1073527766309545,1.0562140788240784,1.3812233172431077,0.3915120393516768,0.6279844969297605,0.35529238898694104,0.7072170398290951,0.16634357274083145,1.434623862461732,0.06744456868595171,0.07272367509929012,0.18004857525698764,0.16681725978673417,0.10855217720156174,0.08645340364850998,0.07465495560803914,0.15033516227606675,915.9834547999784,0.9791956873248112,0.9192791782510765,0.44891253664367625,0.36398577795184006,0.18539035786387503,1.0683687660172456,0.5029769943484903,1.1852262068349524,0.058090012463226745,0.0721819772868836,0.20041644867113495,0.1498376004447209,0.12212678718064686,0.07663167757426567,0.06724946925309447,0.16754651196034404,,,,,,,,,,,,,,,,,,,,,,,,,,,,,,,,,
OurAlgo-MorphEvo-Gen_2228_22-12_18-04-26-478961,0.38901802280203546,1.3572484060590349,1.30092756685284,0.25984900521403487,0.2619255904276958,0.28333550183635436,0.6719677180838162,1.0717024239104485,0.07793224996114095,0.1927769414847354,0.06089811617426563,0.15961408325028859,0.14198114780224902,0.08313167565967769,0.14408801567458768,0.07908909646609921,2793.5509546353514,1.4177907036520567,0.8705703702764415,1.3423688647836691,0.5910362630293143,1.2035505669504352,0.2716663702702119,1.343164741257826,0.5361360168268747,0.09353172024652037,0.12120946355624018,0.07383435897960075,0.1501672335599305,0.08046501322696684,0.18158764462812566,0.06556201677419944,0.10149146155253194,0.4718100903717289,0.9146821304674744,1.4550862070963644,0.36820846380135225,0.8624855152854054,0.5623710938031315,0.9714110631491155,0.8390380125684508,0.09759053220926746,0.15394981144416417,0.1614500603196688,0.1683987809028012,0.11670821953678545,0.12272004563682468,0.09811536393152287,0.16935333169054456,2097.7306944547595,1.2853762062601286,1.2030257858266995,1.4388247890891925,0.652175694430708,1.3854701766415927,1.2321592733592366,1.3915264094761715,1.1428832624629641,0.0701525184999576,0.1049913740325335,0.0731709188700996,0.1677105764836343,0.06333493087515008,0.09808926587205358,0.06149800821734859,0.176831951210839,0.16073574285942493,0.3218476357901309,1.1604213966111798,0.8974421563308104,0.26120799286386853,0.9127809730377011,1.36860635686058,0.693851512579853,0.18686779800842113,0.17360448637963172,0.18185848814813804,0.1258340430762628,0.09253571377134695,0.17079386713274303,0.18529993056672078,0.06701554653850225,1003.2263111718248,0.1174952258671863,0.2649765353501313,1.3748298420163534,0.803725134144703,0.5460373962969102,1.3276570093700029,0.8853636258878684,0.25853741653681894,0.08841042779419198,0.15189844282082868,0.15845840000467598,0.08036318106682651,0.07385819578166561,0.18298642486171612,0.06528709957899186,0.10738510412260605,,,,,,,,,,,,,,,,,,,,,,,,,,,,,,,,,
OurAlgo-MorphEvo-Gen_2287_22-12_11-43-51-037100,0.23035270210162417,0.8760260371196746,0.5388650451776664,0.5246000188748721,0.9153118797424804,1.4761312464578165,1.3809891973465596,0.7431699235629445,0.1579996660996508,0.09700006598193493,0.17224261809332486,0.11648106414325989,0.059686498742537855,0.15782742075541387,0.05150846265043536,0.052094782974766524,2959.997839549852,1.3839396061366787,0.6653835238978096,1.333952273364712,1.168453030750108,1.289369970417275,0.49763970295908927,1.3891484689483091,1.286969643621361,0.10843614741024059,0.16739664259750017,0.07886819884895978,0.09454137079862983,0.09831661440156012,0.11328764454033141,0.1295328372044688,0.07751530139872252,0.34523090545626356,0.5050495145881717,0.7640838911915631,1.3530173171940412,1.1726168245203323,0.7232662185622981,1.219499771099981,1.0302274124696675,0.15497470463418084,0.17253074972832738,0.16156574480633373,0.13316435851615302,0.10301318257170962,0.19694970175411075,0.08175101452495653,0.16222875646053614,1013.2784581306428,1.4563091506864105,0.741877145403666,0.25428136285311365,0.9414051551023163,1.0967152581301614,0.22218184723984846,1.214095418078645,1.3805603033731004,0.11785903303070039,0.1509931766444118,0.15150883127315537,0.16363020108543327,0.06730047417354039,0.16486496357032565,0.054895861357513245,0.14073913018755274,0.8973403037790854,0.15704429158891953,0.5332341416808273,1.116762455840095,0.940443245070498,0.8303209730040477,0.3875000434730876,0.2869979849721245,0.16936574104335156,0.06211058368546467,0.17618520325768575,0.06520318104034595,0.09099150267259885,0.12454247887879408,0.14350606766543242,0.18549383308388234,1091.18248087118,1.3611727814908479,1.3151593457146498,0.3274073296324482,1.2831246255677409,1.1655598819196915,1.1815664706037032,0.6415319635123279,1.2636664873366898,0.1440817182394768,0.1642675397206721,0.08304315200464563,0.12214469030358498,0.08204092539664558,0.05589970234010587,0.10864119713081938,0.14511823523067502,,,,,,,,,,,,,,,,,,,,,,,,,,,,,,,,,
OurAlgo-MorphEvo-Gen_2288_20-12_15-58-21-321426,0.7872176303905133,0.5943039952115844,0.4984020914606614,0.5616145077436646,0.8597365118593557,0.9013354797656077,0.269671545595062,0.938766581353408,0.14659403614903668,0.11902736622607854,0.17306240057972588,0.19006095937889184,0.05745645347193591,0.17492217641397043,0.17407795714885863,0.19011964052827024,2699.797854106441,1.4338166376329986,0.9450353825427421,1.4565294190681053,1.2514969868881718,0.6393466073781182,1.4113450790318207,1.3163097980657474,0.37625880825455243,0.09499628868992874,0.09595076753605805,0.05759808566047049,0.1782157871458252,0.06362273800551682,0.1652385468013066,0.08493621088718684,0.11472113291601686,0.7482896707716504,0.9775741415209862,1.2213182739254376,0.827113252376835,0.19309045012688064,1.4957434928728806,1.4388070813002214,0.7636974951875717,0.09525849251257647,0.16884926794034555,0.06055784322491145,0.0895786013167505,0.15128065988802414,0.11315177176338549,0.1487220605588248,0.0680219885599597,1033.2872345719013,0.9454163602885384,1.3112532172158162,0.38067265698372305,0.8711668832786658,0.2620188110453604,1.294374282511833,1.1207111023259495,0.600884275527064,0.11806704784704508,0.17553494945986914,0.07083286061778243,0.09067937990758647,0.07534831687280914,0.16124846037568508,0.09018730053267492,0.14059073226003072,0.8893738841366978,0.3154753002720089,0.2342320626234291,1.366319030945165,0.7631640678097611,0.5806680095699623,1.0706617600162593,0.46419500603659036,0.16312897859984082,0.10270734098529005,0.19904720149306634,0.16112362349405332,0.05700305052686788,0.1899539557652865,0.12624510823352428,0.12410749436860333,1879.3042035093576,1.1115730439713039,0.8905647200062435,1.2867612877020962,1.1486935883753921,0.8949453800368234,0.9035463948073033,0.7807749351185974,1.0521473520950155,0.08885334259162064,0.13331837520446113,0.08759346318695654,0.11562615877891419,0.08882515805165492,0.13026793907098475,0.06685143199396074,0.0716559478263418,,,,,,,,,,,,,,,,,,,,,,,,,,,,,,,,,
OurAlgo-MorphEvo-Gen_2343_21-12_01-01-48-014853,1.1680169180454576,0.9529684819306112,1.4445961440782993,0.8909922141450043,0.9807147874864774,0.35761542716168276,1.1585730081008627,0.6627606804980557,0.16041185794290527,0.11804302034046688,0.14941098078768958,0.14814226017163473,0.17100860509315355,0.07755410998419363,0.08881252063263967,0.12702568057658273,3051.690730243419,1.4307173926178893,1.3648563108019305,1.0958963049219541,0.8917168379327858,0.3533806189248099,0.3049165787469428,1.262044825437605,0.3639185323191569,0.1449441534951625,0.15098787274951395,0.12037307934035951,0.10499588589894135,0.12621266415784935,0.13669970911530296,0.0817670900246444,0.14017964950944342,1.2719014291936312,0.3568855135055783,0.3185101533644532,0.5613676317363328,0.8393485663156557,0.5009579533369332,1.3407846872196225,1.4486003433546213,0.16507913938241503,0.08896076208574852,0.09770750177776993,0.19749254414587514,0.17813291034892167,0.18586783903698348,0.1946474400090173,0.13327580290905597,1016.4966469465224,0.8994206163288679,0.5095601638692485,1.230379421436885,1.364851385049057,1.044349480800573,0.6525179035682269,1.3244965169878258,1.0243254389535064,0.08480581426930191,0.12882390256155846,0.10811171774355383,0.19184164813783072,0.13030734937049487,0.13634308346756796,0.10164313580335582,0.11800751373627866,0.9751929452509142,0.5188910462176066,1.0878672765142592,1.3660594659810787,0.20861253536195012,0.678017663982282,1.1495829678907592,0.5350690484719267,0.0946132385845537,0.15915568049723255,0.16118014062819302,0.058238933397825404,0.09260728811542925,0.14570977932937537,0.06281500316701079,0.19370419432432395,1037.239562532236,0.7418649207944814,0.4123656996707354,0.8116742436126482,1.0398409652291642,0.27490882197832023,0.6167474860999907,1.3217879650994657,0.6051727407755308,0.08950480517817963,0.1432148511081865,0.1661928680098171,0.05000222926546111,0.08124332338101016,0.130338777101217,0.10650715224969276,0.14884970021398258,,,,,,,,,,,,,,,,,,,,,,,,,,,,,,,,,
OurAlgo-MorphEvo-Gen_2392_21-12_01-32-39-366522,1.1898631169782585,1.374667204290545,1.1302876523294314,0.9524480015660947,0.6861354729095325,0.47171265643926663,1.4985644781486172,0.20198637860060542,0.1207897099973497,0.18294152495668925,0.06126503487551721,0.04821065531318475,0.0841722187042111,0.13415142607856154,0.06406118815880615,0.14511374078483086,2802.716025258825,1.3674632560299762,1.391143302018394,1.2009381823611525,0.6546747107288594,1.3467437706111367,0.30030996321797654,1.47083718159129,1.1379728856348181,0.07880347961038879,0.179600103783929,0.07427064865421895,0.15831474900927806,0.10517339151863087,0.18021793800228747,0.08242281200262022,0.10571452990973353,0.537551855291325,0.8810209353650911,1.300976443452659,1.0509164172005794,1.1509602018929397,0.31505352659922514,1.485879089486399,0.8617286609694589,0.13910915877714755,0.14677362481720155,0.05907220921160643,0.12806861281576098,0.13335750934481347,0.0606467257533506,0.1864674415236469,0.0509245081247091,1034.982639452445,1.2059284972045483,1.3692780598552157,0.22963267931069054,0.8725355124231913,0.11803284228902566,1.0984895354133957,0.8285566389386413,0.8676452697113884,0.0753150066793303,0.11780318318806984,0.11098741116696065,0.07658409707546429,0.09371067826395549,0.11699758206781044,0.10491387037639184,0.09680896620429955,0.9433873801362893,1.1612109317299373,1.2845050240867366,1.415234742828741,0.6869639752770866,0.9011224782204799,1.2725429786136522,1.2991690162056768,0.1283235971581306,0.17982573154732961,0.10252254843610588,0.18354198245664421,0.10963719008734933,0.1329470539430566,0.05909137624836891,0.1274765174861411,2506.4791938665035,1.25942158722884,1.3196376955462465,1.4083538593251848,0.31191854414303066,0.6595020591124683,1.2342059424547078,1.2842323268034899,1.2001026916769313,0.12138809935992578,0.08908267246799495,0.06702979883782198,0.11460516983304472,0.06863559735422359,0.13998481014131084,0.10335300636704217,0.17785665895641947,,,,,,,,,,,,,,,,,,,,,,,,,,,,,,,,,
OurAlgo-MorphEvo-Gen_2404_22-12_11-44-03-415499,1.301125916960256,1.0356558699162488,1.3589585476249528,0.6266601460799303,0.8468804638897021,1.0221272866276156,1.043400759212992,1.1391602201365747,0.16710106821301965,0.06634931358352822,0.14914790244431744,0.1108908157659013,0.06491230534081838,0.1573800553368423,0.06771341352200022,0.12031275691316291,2885.2325510172627,1.2853415568997166,1.2101769716894388,1.3019842480674402,1.0751000775033144,1.3305908024911024,0.3473175356304024,1.3996829274185423,1.373785191077322,0.07719072346418979,0.18935931818099516,0.06327238666825788,0.12286873879517614,0.08922270732180995,0.18628694527191775,0.05507768106085356,0.08886079913646316,0.3640477838868255,0.8794367904091368,0.24835677059109784,0.7086840898989367,0.14053638473219532,1.0822635183292895,0.1782112567016283,1.276976491289262,0.11522883760843151,0.1571630240231557,0.19694903411967887,0.1019600857280434,0.15666518409708752,0.06482506059109686,0.15865456503775557,0.06895544593250097,1018.2087240200228,1.4713772306707706,1.3644336946345061,0.15579196857768218,1.063869301565438,0.28691717083737145,1.2917661243551342,0.8695836780649494,1.0330273572270556,0.09009646126604018,0.16484385763091128,0.15041330749307866,0.08751103820652609,0.11076150415198018,0.11465569105676719,0.14263280024365446,0.11946017092886958,0.9752208588037818,1.1741511401339422,0.3619818071653314,0.5557655570442342,0.8856430908162702,0.1975918755288022,0.9716956069781538,1.3483537487561452,0.1806577467290634,0.18999220950390594,0.1526025034065714,0.18053535462355874,0.16234927428889684,0.1420140510537715,0.11936302564810834,0.06254643316603303,1094.79063971628,0.34085278371822936,0.8687295791542793,0.2420814459026478,0.27807567038434433,1.4045224512536167,1.3439626943247132,1.3168719667915472,1.010461737857629,0.12742074312135848,0.13267021978609628,0.07530380221371585,0.07760596349102523,0.07981937784027815,0.09635821868841177,0.06065812608650392,0.11385855135451373,,,,,,,,,,,,,,,,,,,,,,,,,,,,,,,,,
OurAlgo-MorphEvo-Gen_2511_20-12_15-12-02-996622,1.273594634337636,0.7449178013249468,0.9540493557950156,0.7404425766910552,0.2866545700238746,1.2531740129397058,0.6557509359811229,0.14836971714390956,0.05023934884228279,0.17710454301907197,0.17326594634218084,0.16021355300049284,0.11972293621610805,0.1671736957103882,0.1303482744078536,0.1103632277675391,2966.6371540782734,1.2496973775253437,0.118829775662183,1.26440112048463,0.4396347407234203,1.3326371620039734,0.9231429122776147,1.4184217285575962,1.342622240613463,0.17387775226848154,0.1682950942113465,0.07800727536065906,0.15563263751639667,0.0662113387308327,0.16896921000410042,0.08731324244632888,0.12690607911005689,0.27581513337473706,0.19815328402664323,0.2836481127680405,0.8252571585365532,0.9604619023600419,1.3492071012458824,0.9673361925911805,0.7988926523031292,0.11624251039798172,0.05430978547510526,0.1714941693080398,0.17760360932659977,0.14426292915530262,0.09557567338526426,0.15285269367879792,0.16580642579659136,1011.4794683426333,1.0844632908344334,0.6769179907013143,1.302475642404274,1.44474340445305,1.2558613910986114,0.26336602664360775,1.2550380530574954,1.2635547071340245,0.13544758756406616,0.13831038197479434,0.11581212958893154,0.1677151978737552,0.13518830164577428,0.09357261696297833,0.061665502473672154,0.10423506874432932,0.7572105300788359,1.049526299761475,0.8313495411176409,0.5485204837784957,1.1264129185961937,0.10234724500574366,0.2324407542316166,1.0748353006572873,0.0806472413561197,0.08172230865425908,0.1981524367626034,0.08655566107027195,0.1129841069841229,0.13954126090734953,0.14633805482410742,0.15774485949210584,1155.2269279889863,1.4161453035357163,1.2848708686409345,0.37901049219729005,0.9816795239985426,0.24593949947126292,1.0819830097069065,0.2604466497728608,1.4116166420120804,0.0592468312605009,0.17552287220836166,0.08847833185462396,0.06432251484434351,0.06116294520922788,0.05876081446868993,0.12043556699956365,0.08417279406384183,,,,,,,,,,,,,,,,,,,,,,,,,,,,,,,,,
OurAlgo-MorphEvo-Gen_2528_23-12_17-55-34-282557,0.9875303656237069,0.4836096780310577,1.0019104263895426,1.2068018695238258,0.7833158393453965,0.423668973762456,1.1157588494030704,0.7824201250779782,0.0872750854782851,0.0766429729955635,0.08065479824929858,0.17884317398427582,0.19630082334155063,0.06636812736408663,0.10669656281753834,0.17509427164231955,2994.523302313095,1.0060271378924146,0.8068223147170586,1.4139524505886796,0.7605643399148527,0.923648012302469,1.0384707923849257,1.2730650741117233,1.2436943370011213,0.06096422121789692,0.05864637648819811,0.07743782984591357,0.12873663387156598,0.1785387812056516,0.0639750961545668,0.14393199132679899,0.06380749165398791,1.4721948048346132,1.4978328852843998,0.8725418421556599,1.3029198890781568,0.40987101403904125,0.5918731370683094,0.5935990543804837,0.2215447684595684,0.1415915187408538,0.06386635406843175,0.1350834131067062,0.1521441946646452,0.18761177059517098,0.1429893953791146,0.06476170813434047,0.17266360669449446,1011.5604288300074,0.9442041827118052,1.26005304323329,1.081700894486783,0.23315588823057376,0.7226368993309691,1.1996528010395644,1.4813403297400496,0.6145697907767022,0.1268802687820211,0.07969765868223458,0.05552041519135173,0.15105409783014354,0.14739985583144505,0.1634109420270266,0.075015861912621,0.15710671195807008,0.7855283508520696,1.2155838113621686,1.0994670918523408,0.7316978417190725,1.1165763783546758,0.4253363031954749,0.5351856880807997,0.9402767392218175,0.07975089405921984,0.12621195004593785,0.17625254826734055,0.18521442303224372,0.17542183365570296,0.08990371977067929,0.18531349512995718,0.057916907391680206,2328.5394190116567,1.404222278348046,1.4730413739925023,1.1259980665554488,0.19695196020742056,1.0991865845615587,0.6071935410480633,1.4781959660676491,1.4843115382520775,0.08719600955629167,0.09174350753019783,0.0916197266976278,0.10997608237076949,0.08069135779344744,0.10065432691195843,0.08728986259858619,0.15193395635591242,,,,,,,,,,,,,,,,,,,,,,,,,,,,,,,,,
OurAlgo-MorphEvo-Gen_2541_21-12_01-28-34-474316,1.4380248501869892,0.7118192628711415,0.10638877986746431,0.8219686881161856,0.521101218504938,1.0599260860404254,0.49466547714305403,1.3765507674522786,0.14230595145679686,0.07141550328655849,0.14442404633560119,0.13057578860570518,0.1489961017187798,0.09693434766385571,0.08098537628769728,0.14519961157685238,2650.092742811464,1.2477502133706957,0.5965821942503757,1.2708651471064756,0.5175459248874471,1.3375897000062915,1.2214737220068446,0.9329411163464499,1.3516365787760525,0.0672035679120586,0.15590944443552998,0.08836444820808614,0.08253636725759039,0.14949662279786222,0.07870658543658315,0.16142392578611517,0.0733646616439802,1.419827720972858,0.6840386344582579,0.8737480345087636,1.2793330866785846,0.11273450207099289,0.9728691246514589,1.0371884718640434,1.3998156257248713,0.1857670237055015,0.11144709337466152,0.13630765473221046,0.18182731698226567,0.09124339635604475,0.15477001868709922,0.1680887726205476,0.17228263309440017,2501.417813302008,1.3389851649973723,1.278066041431739,1.3705240773453757,1.1517141336735364,1.3823481227241525,0.19919529535555025,1.4650813652502628,1.3559917176182126,0.08155209686210199,0.14302901054589398,0.07046294909081777,0.10590598839687757,0.06046282662126022,0.11092482391756708,0.08772525947548165,0.10507938030553082,0.5905676621235483,1.3100352263126092,0.8377180075584048,0.7738532866269522,1.2088699172811872,0.7608429983844659,0.16224787156539544,0.5587280143917656,0.08943366044582257,0.17284455041039634,0.18835586036440777,0.11041482327871927,0.1654361153797,0.1301293100325057,0.1311408848855731,0.18445482896267762,2952.158217706676,0.7715680199629573,1.4365657110433212,0.8215848804343778,0.20340837298024528,1.2798890988831122,0.25369781809786396,1.4259824294404813,1.3505704053403242,0.11178823716802024,0.11812559545187193,0.12433146380437288,0.10019369175738718,0.06215538456408275,0.1680373649571596,0.06723306923457872,0.1710944524692591,0.7967074373399347,0.4288622718604027,0.9828401831952146,0.5822120476534222,1.084769027220703,0.8302651383146911,1.356520980123335,0.7368923976726572,0.06601770627624878,0.16583615716880615,0.06063220131290324,0.051806591814897135,0.11856779066172862,0.0617675829406199,0.17873876887384724,0.18885008700161998,3419.9221994989784,1.3152288816061168,1.4754234440480065,1.254516552235673,0.8875379280091543,1.158654069406769,0.1377393045340205,1.2920700587760336,0.9946072477228782,0.06726790763014207,0.13433609007023464,0.056700924110284184,0.0977309010713744,0.08177519926443362,0.0940568773216217,0.06895657790057039,0.11288051337745955
OurAlgo-MorphEvo-Gen_2547_23-12_03-26-19-276849,0.4636545379558101,0.7329926839569068,1.2751671500576889,0.8547515383443473,1.0805900014655236,1.3693326024489951,0.8609261743699379,1.2796461044004235,0.14680257040572028,0.10235095847253355,0.11709053558966762,0.1746173981814725,0.18808861400709687,0.04823298170639688,0.04440644716511226,0.11513005321748584,3206.9115813020467,1.1085448495269747,1.3981906802623971,1.2816043062051437,0.2612538683894716,1.4035236116015501,0.8416345920493331,1.4841295243646278,1.1284884989344945,0.07185389409090584,0.1546800351401645,0.09442036813550816,0.16456968492205828,0.06622629762602741,0.12748135782202633,0.10226514540516267,0.1799423468491398,1.3704502984025404,0.8345314027714008,0.638897861406428,0.30932398605292727,1.4444181684449333,0.13460457760101807,1.3999719411587481,0.7992176702841401,0.0994658158961421,0.14731195074474476,0.15323326217668476,0.17864816483909918,0.16190308969591788,0.13352762438358495,0.15842779245123143,0.11254123475361258,1027.6112941696388,1.3722644543916835,1.1596746732315866,1.0377127168212323,0.36873921712720736,1.2418266618188085,1.183900370258871,1.156856112845731,0.6747518960152001,0.07381704122058765,0.1877272910087472,0.06971202492802551,0.14682533071357096,0.09765918132868745,0.17732288609987457,0.15367916736505033,0.14801323847723796,0.9857128132479895,0.31124226741674504,1.1571024554197953,0.5568103692027535,0.46135683791845644,0.2847737000147659,0.4255442859322542,0.23188800534055598,0.13491087265983007,0.18696597264269682,0.15175160984640965,0.17646733814851612,0.15691964591987906,0.182127987872086,0.14922717083199363,0.1848819242239539,2945.9800757593025,1.314655078265822,0.8995181267055701,1.2436090242976605,0.9232449273561162,0.3610158908917178,1.3948651831122048,1.3109671524149022,0.5770001917840797,0.08510414801962865,0.07992896372433897,0.1093463347098656,0.1373095452882905,0.08425075339943344,0.07387818997639012,0.16901918128255922,0.15481752292327383,,,,,,,,,,,,,,,,,,,,,,,,,,,,,,,,,
OurAlgo-MorphEvo-Gen_2574_20-12_15-15-17-263879,0.847830988534579,0.24222401689700823,1.0218936033425248,1.037323842240781,1.4329959268253822,0.24000144955540037,0.3883003198697824,0.9809802680058672,0.18179799930009324,0.18853669562909536,0.1810805698427127,0.11934141676784436,0.08476321018957722,0.132118839785746,0.061189737947179135,0.19103032572675713,2913.0004565360164,1.472752658825319,1.3384289648677563,1.127651114092457,1.3126349988068897,0.9561600052778602,0.41565164956453315,1.2396243715989164,1.2110943139177444,0.05984810757133456,0.1607801712045857,0.10245806332062202,0.14358316364282175,0.08166241963709367,0.09725929053689135,0.060543785237688275,0.13296054290116868,0.8304843967586928,1.4539414390753262,1.1337395218887276,1.3576548010943907,1.469617176583816,0.34559759249054006,0.29441561762161395,0.2633257942614836,0.12885546786286806,0.1767673139692622,0.10757095782222748,0.053861828559046795,0.15979191713692542,0.12711870973292924,0.05122274537543352,0.16513573855554248,2305.483970123333,1.4088035013269384,0.6869104016316182,1.3661542234661126,0.6436302932734264,1.2362611900188023,0.5272573559824377,1.26183902575669,1.3001917873020465,0.06422790971273487,0.10232257097689906,0.08689141309893178,0.13650833262924816,0.06885249380067379,0.16839601325359102,0.0975379990462981,0.10070431016433082,0.3081076985524679,0.6530089107019286,0.6369289953323591,0.7267998468144126,0.7369632853541691,0.5712596913325855,0.5534761634869481,0.5619110485713352,0.07576510009541232,0.10770699325886655,0.16107074773453384,0.07905486681484605,0.18896630934683145,0.10017119309979375,0.18275835437539728,0.10252681576097074,1038.3332992776957,0.14756105703558398,1.1953845132388805,0.5520972834443441,0.8892993759330997,0.2970774374128644,0.6020572669064763,0.9024545308324199,0.30684633287035074,0.15634227055939443,0.16372496124962757,0.14191513501510072,0.06442478944004447,0.09530728143916625,0.16545158054946751,0.12154632916226799,0.07514362669721342,,,,,,,,,,,,,,,,,,,,,,,,,,,,,,,,,
OurAlgo-MorphEvo-Gen_2603_21-12_00-53-32-314415,1.142092630772268,0.9168976803485764,0.7831811377569416,1.450716171601569,0.3667917605502616,0.6826377471277135,0.27500647637943976,1.354226405042469,0.08312227644123363,0.1314616890925699,0.06504754809929111,0.08335460720459266,0.1183664538436736,0.18230275890676834,0.07972000075759528,0.08275016197889509,3030.7290506661047,1.4238461853954876,1.436275056606597,1.3377869296321268,1.0482680188886662,0.5108728221625909,0.2678840966899848,1.0772535927489304,0.6616726328213837,0.08911111776112565,0.1843852521986361,0.10200505929918709,0.11117045256977968,0.06452257471111314,0.17488160924125382,0.07063798204443697,0.16706708251549549,0.970303830120198,0.5005962620622431,0.5429318507364692,0.2278746917863087,0.851107127666051,0.9349651328005668,1.437371789193258,0.6756887925047304,0.19451163639696215,0.16126972337697312,0.12491950311647773,0.07125226382613181,0.1881301577190308,0.15944166841238278,0.10980493856590634,0.07758743518963093,1029.3906626021662,1.3347433613206665,1.1264717373343536,0.8844730829293089,0.6653511184808758,0.9853752231690573,1.0214133850027038,1.2253622350696034,0.6148301256907638,0.08553225519522065,0.08095701823950188,0.0796014261846726,0.13380813614383383,0.06786060685885706,0.17872876022122755,0.09296327570735582,0.10531774584339076,0.15475634591125953,0.2932716809648015,0.649605774228005,0.6759303751365381,1.310149650426169,1.0494468471533,1.0265458040464364,0.4752944537060908,0.0513821166865088,0.13083430224083303,0.05467451872839378,0.16094600914444965,0.14668660402939582,0.09400796147824615,0.055092784498465205,0.18272353000549804,1019.0380267341184,0.3798879707556362,0.24196676256204597,0.12578027589027097,0.526985681344611,1.2830614523311135,1.4279432121804894,0.3533906191616252,0.41823721842127404,0.07178535825612992,0.0836543571157346,0.11397930357278313,0.13911956803442527,0.11287819001177571,0.17190574396070127,0.11833040478309297,0.1874454989432059,,,,,,,,,,,,,,,,,,,,,,,,,,,,,,,,,
OurAlgo-MorphEvo-Gen_2634_23-12_19-22-56-754507,0.8994061161519411,0.7351951282555611,0.7485594443350063,1.1638117198178572,1.3807892232616115,0.4962850050484422,1.0334540684341664,1.2304449338332277,0.15869177154472314,0.0781116057705257,0.16305316716907625,0.18820918029766595,0.07516484218408595,0.1254140755889485,0.1539795533971287,0.06939871611760554,3446.025118735522,1.4137810268487554,0.942439370586924,1.433971396681281,0.6043467835035319,1.3810154227267628,0.39832047898504347,1.1660702531499143,1.4920506411682757,0.06817788641051592,0.17025107363918784,0.06024856203182215,0.18020918699414268,0.11233907408540501,0.1813570859197502,0.0774365033657907,0.09004132415795438,0.9210232362890043,1.117289615736502,1.2125565996745569,0.7097172514044756,1.1614706958338152,0.4000743487836803,0.7252182242360039,0.3437750155545956,0.10479842776362867,0.09858912899896446,0.18676662280686435,0.16644468000772267,0.10823177397282607,0.11658295285634769,0.1618771124046552,0.17005111452035032,996.9475774336586,0.8872269603774393,1.2348250178860447,1.4093204133951336,1.0340275343600305,0.6065882554695697,0.9455246696527267,1.0421265791920926,0.23317485491046797,0.1117388923343514,0.07773222634627794,0.10818049637823238,0.16227431502540635,0.07583017866266448,0.1823871913585304,0.148986875169034,0.0867086234150124,0.8019260329436589,1.1280477192147862,1.184773406399744,0.6931114351954654,1.3430048129222787,0.30682291794150346,0.6941324708573846,0.26149791276867895,0.08220106743557862,0.07019867042158232,0.17661256283241897,0.15126076387122522,0.13167889115256748,0.1949142442655427,0.08870592760064856,0.18875983846417588,1059.296702352509,1.031328536014063,0.7712185106142074,1.2999044783456801,1.1094431567421825,1.225654473397151,0.2509678917221426,0.7975166630416861,1.3530670884404719,0.06028937104355411,0.14441914920711396,0.05877407842657592,0.18581179433650152,0.12137328399906751,0.0948970854658919,0.07277318770686123,0.09609955775553385,,,,,,,,,,,,,,,,,,,,,,,,,,,,,,,,,
OurAlgo-MorphEvo-Gen_2650_20-12_15-11-18-448695,1.0006350741964585,0.46338538676810265,0.2256407022270075,0.22647261415191355,1.4644140918185171,0.3390964065717157,1.225443554732535,1.2062927624842126,0.09750800420786677,0.1861428709704488,0.08316349769454831,0.10801496527353761,0.15194450529939635,0.15236249304187832,0.07752483866843267,0.1951241094708318,3052.664300750224,1.3738006865185488,1.4415963720060858,1.2776355361967522,1.1725319340324383,1.4846397631020174,0.5498628350409889,1.3796673704664728,1.3902842613310549,0.08679885385372291,0.13058959320153002,0.050542799905120325,0.09777501270448674,0.0904852748213979,0.17750986018433978,0.07669620261827989,0.09783629485501812,0.24894494008018841,0.5416727242622317,0.7186548076007554,1.123670042094705,1.1256630584484182,0.27363667252784896,1.0833089392908306,0.8414200155653461,0.11628689501920153,0.14452827120350112,0.18892923865612404,0.06338944092112242,0.06228988248845792,0.11782730888015024,0.17666288418164428,0.1898195901406197,1008.3434643872316,0.6144741253531478,0.9723339762968627,0.3070619730396784,1.2015210320317824,1.0007425924852016,0.3320989870064979,0.915042538992763,0.8014050527889407,0.09509046996039984,0.16916525434356225,0.1678465975818997,0.08324346375971241,0.062272063183373014,0.06398565553836766,0.07996883507291047,0.1375465897600733,0.22433805313669575,0.8583674987051793,1.2120165565324115,0.5586615681472866,1.4609215812561336,1.32992609383661,1.2711166727206642,0.8930178662880397,0.06121896949656905,0.08705073668427382,0.0939089353675576,0.0586270515318537,0.18810667169935033,0.13912780703695085,0.12378908504571154,0.10920900439554247,3079.6547903762366,1.2105845581193888,1.204493269929168,1.3314250757691486,1.2485567698557962,1.4027444303963237,0.5873117716449769,1.3041046486255992,0.15943378874089842,0.07573110239274208,0.08799170819613665,0.11461165181942974,0.15244015661137217,0.056759334361657365,0.08412940892776927,0.06875783217884697,0.0567475442954429,,,,,,,,,,,,,,,,,,,,,,,,,,,,,,,,,
OurAlgo-MorphEvo-Gen_2704_20-12_15-15-23-573144,0.6983915305001075,0.6308317371927719,0.9396592714746645,0.2598167051832534,0.6072989562791347,1.0470602739122707,0.4499817304627198,0.19371715608244078,0.1541391203261597,0.16123594841796993,0.11850312587014684,0.2058031528934866,0.04482375102552097,0.08632071907852032,0.06218644335858092,0.18781836738792784,3286.079826286163,1.3542822633386664,0.8765229722830639,1.250412239557693,1.4066462151754826,1.327165753794565,1.2342037381729667,1.396750838923445,1.4051009963527512,0.0589692064110197,0.17490422954846838,0.05357989920683737,0.11101721934322671,0.0854970411761862,0.15103896362477476,0.0819880333707986,0.08966576010053459,0.5660217989898277,0.13961579368673993,1.0228985705777842,1.3561467856070486,0.763516894031327,1.2601808716731648,0.3651649390673405,0.6160610311188923,0.14814769868675284,0.13677933304227136,0.17581759571400357,0.13768907160111182,0.18094265611364818,0.15249101629907263,0.16915547099670913,0.09954270260269993,1003.3991681084148,0.5394687336890895,0.3310299294229788,1.1423365915706276,0.7094773648015271,1.4004403057943215,1.3372970431270297,0.13569590845603208,0.3493188560422934,0.10292944057540175,0.06432880141409171,0.1360154049878552,0.10539079280994146,0.11859172015290173,0.17378413048077862,0.09076090876972114,0.14501360316451828,0.20651854696200855,1.356951711534184,1.2057747461586552,1.4245217121859195,0.9813866947016965,0.6498451938122418,1.112563006246735,1.2550555344522674,0.16455554060247146,0.07990976408959446,0.14515175929337798,0.1568357356316037,0.16696793820458608,0.10200507169601761,0.1140007862649334,0.0694815479205674,2535.1557928385764,1.3384859629961239,1.3394541814099132,1.4150328285917113,1.2839660732713902,0.9062501309092923,0.16089145439520702,1.417375844460485,0.36050055991718366,0.06735608411943265,0.1455639310447053,0.08066012975778847,0.08982480075223895,0.1086705299784354,0.0719322497171366,0.06926157356766299,0.08770015489408997,,,,,,,,,,,,,,,,,,,,,,,,,,,,,,,,,
OurAlgo-MorphEvo-Gen_2709_20-12_23-25-15-742896,1.4026135428429436,0.37443047096201026,0.7605719440443068,1.115155818927816,0.4225493604503445,1.2848724993415408,0.2856816481634744,1.3613333501446394,0.07721498896038066,0.18461261324468178,0.18872821580929364,0.1755702213022432,0.15300863911020435,0.14821588604198524,0.19960995490601774,0.1680456394806747,3247.855113042796,1.1886920996557202,1.3468596663908974,1.4100969765729332,1.181742616969926,1.1495114009508778,1.2463611338099514,1.456783662018485,0.8335987803826344,0.06404005291384285,0.09379884041083245,0.07147588838951607,0.1779666129948569,0.0980297220642177,0.1269660713218363,0.101964751986507,0.19537091704360088,1.065616655841075,1.436364258778435,0.6058397045198884,0.30083557511046566,0.6832571702682075,0.5477226116618326,0.30942985467643624,0.28527299533252215,0.16717956054729383,0.17634712867062416,0.09791358271997465,0.11183468188603299,0.07624607234529945,0.0684279012443568,0.17134984799475964,0.07542916638884886,2192.866337164668,1.3342888511041264,0.8366449953867219,1.073050588983266,0.33877095874506785,1.1095772437732412,1.153902571488589,1.3253611464406392,1.3577587117847119,0.09361150130540667,0.14645158423771262,0.0862659511163888,0.11188103236723271,0.07294844279448606,0.1237581410525153,0.09394950033720549,0.12995974299084084,0.3109657619209864,1.015215715032379,0.7768831594238118,1.0687243983864503,0.6524855043332045,1.4334002614615664,0.3368154662550054,0.39507305356542316,0.10571962444148635,0.17331474230216326,0.09536648586245461,0.05070554506750652,0.1803413152553006,0.103055749791605,0.13028867381879897,0.10021327356290058,1018.2288913816168,0.15855051930580222,1.371564505829776,0.2353051624228817,1.2675468701586317,1.3216068313254774,1.409270366875035,0.16929290053451718,0.36098028351943173,0.06891444284962181,0.16061597166417024,0.08689483162520198,0.08170799272082946,0.07445740896180014,0.1813412254617025,0.11515415196547898,0.15891303366789233,,,,,,,,,,,,,,,,,,,,,,,,,,,,,,,,,
OurAlgo-MorphEvo-Gen_2709_23-12_11-53-48-273668,0.13146308923695627,0.8882589192165746,0.35763242553871877,0.249610532264521,0.3762633907769934,0.4084996016465096,0.49666312752350783,0.5795323205926145,0.13551364888728953,0.06784214153474044,0.06968710908263123,0.04832836188034478,0.11627237681095821,0.06671548984446014,0.11415730999477662,0.0975779309560971,3234.1298472358326,1.2733233225271503,1.1008848698945157,1.301911783504547,0.6207907006249294,1.2949239149432932,0.4419466530438389,1.3256577696239982,0.4473537215857305,0.10251195453142822,0.08555815947264737,0.06437512216399846,0.1511981192793584,0.056106751697881346,0.1597276492101172,0.1607229834521854,0.1743661236948094,0.8608168532200351,0.2224169016355384,0.3645712230389928,0.4910716089996695,0.7887857920727702,0.9554128250422504,0.20419618200245448,0.4228461383704532,0.08604693681271203,0.11820587242543519,0.1946623100262232,0.19144526770120054,0.17907521136241836,0.1586754015188749,0.06979231014065099,0.14370934999926208,1997.730325790084,0.5634825277792006,1.4475419295297887,1.3688171498005686,0.6859209426609125,1.4813164715335967,0.19081700669383894,1.4836486310947516,0.5452567053212949,0.06457550622676073,0.09536680542793631,0.06781273968890046,0.16358979669714602,0.06279371288241706,0.16002060377398936,0.0560838441691557,0.18350036257868077,0.6285132974777548,1.1688656247627076,0.13679030449900986,1.2218810746348359,0.6292373665789505,0.9501593622237318,0.6448287461362489,0.916421982099898,0.08910798983675469,0.17638689960898069,0.15438786552522796,0.14740646620034106,0.16276312854829106,0.13005277625879866,0.1802894446551048,0.11269814438621434,1052.9649665612778,0.846456202549779,0.3312590593963007,1.3784087755899175,1.1914431740764417,1.1262096924998057,0.7495041463271459,0.4162953140472241,1.3584449852618719,0.09780420831728667,0.1421537592553774,0.10352405207571658,0.17404849487406343,0.07258501785591581,0.1427912232485082,0.09272667306294972,0.09345148084038754,,,,,,,,,,,,,,,,,,,,,,,,,,,,,,,,,
OurAlgo-MorphEvo-Gen_2727_20-12_15-58-21-385060,0.5491721726727108,0.7322203381761999,0.9694678220486477,1.3370960913044163,0.3854116700843556,0.2612995155532938,0.3303287267115002,0.8508597859063003,0.18228402120683596,0.08390945849372027,0.11934344347617278,0.12705921555274377,0.11848644472899637,0.14041350438080202,0.1070924909426369,0.19822840728764424,3234.4075624972115,1.3591607988696977,0.9809769456241277,1.3188997810160612,1.2567376636144538,1.3560090995565222,0.9563355849143238,1.3459683836345944,1.2655401056757762,0.1927916504722469,0.067818620665397,0.09826610918359582,0.0953831168008916,0.06380463200887251,0.14252752982884181,0.05930992928119588,0.10755856069151959,1.1746700881991998,0.44348118265408065,1.3791951724724463,0.957181520538579,0.46250288471537904,1.1020753733739135,1.1889250247252838,0.7529928652207485,0.11087744728816233,0.05966559057480526,0.09170023241315153,0.12235452152703119,0.09045602449511843,0.09881985232003467,0.14597122385024347,0.0832998652052334,1662.8285196440909,1.2017435867283817,1.3201637464271252,1.0947283641301733,1.044798711309289,1.2343766263415563,0.9621691224223989,1.4006728360584715,0.3538377059241854,0.10351427104500668,0.08994679728269694,0.09306504247004546,0.15093935838179284,0.05770062546030111,0.12607383983918,0.07065272920777613,0.09697935582744771,1.0167245211273928,0.2928012686270052,1.4365332116271485,0.49178021571516084,0.49115990466978154,0.599449928599919,0.4915143977729826,0.5086997020738013,0.15224556784126886,0.08438685516547753,0.06016254752739078,0.09332023951350665,0.15697109992022967,0.17017242730788432,0.06031305954242014,0.08867456702366358,1054.727449644104,0.860220236299251,1.0788941170348707,0.42747862447236334,1.471565542470747,0.3323628860790741,1.3108025788856967,1.3472049501115326,0.8200065033225556,0.07908814824611471,0.19979169996548918,0.07171224863139966,0.07568726762407496,0.09701664946127024,0.17247502570763296,0.09037419020797864,0.08436766606088034,,,,,,,,,,,,,,,,,,,,,,,,,,,,,,,,,
OurAlgo-MorphEvo-Gen_2761_20-12_15-58-21-765051,1.4420963709580639,0.9045396642924031,0.38728103583070694,1.1295990747708506,1.3282717043724581,1.2706347452530022,0.10189273814140565,1.2121618729759134,0.08110867896821367,0.12574752569741757,0.11946485071631567,0.15023223216493461,0.10967785550611915,0.1153130372815689,0.1299673709369539,0.1914013922807788,3283.9494848263976,1.350447170931942,1.3512909966549282,1.2112860810209818,0.5602951118391155,1.349428409326608,1.3290479121891088,1.4283591635215203,1.2057454355422876,0.08582852019022026,0.08338190371804571,0.05521563587937389,0.18722464856372484,0.06690021064067815,0.10033191822965509,0.09427992881190898,0.1719414433193705,0.5683575482140306,0.3756532679545303,0.5993845745018527,0.9330108995783659,1.183241161102156,0.38065945385518046,0.8406251251324124,1.4379937243402994,0.19077997389214457,0.17864191607434193,0.19476384547188147,0.17067907197254095,0.15890201314819116,0.14569904562023842,0.07080027187035468,0.10607270999770546,1036.3508344164595,0.7809370432078538,0.32437100402503877,1.4523534124396411,1.3387752275255127,1.4630005661939398,0.4838684285791997,1.1663158635462147,1.2676399074478961,0.0884221353318145,0.12970707467308334,0.10235152428525829,0.19971695576597048,0.0562935762762532,0.12240465085371544,0.09266887092036921,0.12418389959657794,1.3613494957529473,0.17426240343198773,0.5866907163982908,1.1215600228236218,0.419337325959547,1.4158387850543492,0.25382611158090373,1.258144725328274,0.1321105309101835,0.16690427770855398,0.14033389767443868,0.05846891957530974,0.08273855194562615,0.15818948353844503,0.09342116637747998,0.1911375922539973,2921.873731004292,1.448641390626627,1.4168532837474408,1.2964229493397617,0.6356628873143539,0.9091954626680606,0.18206461980566424,1.1810563489092125,1.2840700565458312,0.08554561225530015,0.17304954498734587,0.06700230106742987,0.08891102717506946,0.06321978824003824,0.17216619992596624,0.09356126839901074,0.07433839008931328,,,,,,,,,,,,,,,,,,,,,,,,,,,,,,,,,
OurAlgo-MorphEvo-Gen_2833_22-12_20-30-41-911870,1.4811223468980825,0.3196787003725153,1.1221268587023525,1.2131429457532663,1.2258476326097127,1.3163663926442433,1.3287183585295814,0.314978528892873,0.1976430568000671,0.1999175183722654,0.13973967671969736,0.1303500096134463,0.055812419499413124,0.05871574005838627,0.12667926973992696,0.17100092406093725,3466.972886796588,1.3585012925835311,1.195174577507157,1.2427510974692373,1.3256582768265517,1.4471597906130578,1.041017571851343,1.4794649396310784,1.4342246576735818,0.08729685685376717,0.18602282956393096,0.07263930975809813,0.08409869527997554,0.07309161069505186,0.17271380527436958,0.07849313919618836,0.09507612881754748,0.2499547565402036,0.14359307797719412,0.9397268631939878,0.632719892745055,1.3192206497064642,1.3849539878909485,0.9355838708049247,1.1401844048860454,0.19207175228741014,0.11323127393448083,0.15320225641547344,0.19504919374283852,0.19568041866272573,0.15132364560915146,0.17946774804992227,0.1889884246014619,1012.8456380790489,1.225958062812947,0.2385681902206187,1.1540642800039578,1.3075370063253597,1.1417989350372846,1.088470694104163,1.3988359329692486,1.3194517191068105,0.11886346195693435,0.11039734165069459,0.07553365434075504,0.16816150155478016,0.06340240881647433,0.1302110693365011,0.0916832451790312,0.11679813171724564,1.3254829903724612,0.909337045348784,1.3734628683557366,1.3551107183488562,0.11399084956628758,0.5321343827586453,0.2747996689636305,1.408175680033498,0.17260742360041206,0.14223912674677625,0.1509755217999163,0.0580175264464263,0.0961662099816945,0.12902646295974057,0.13027334974603097,0.14320642229839495,3068.524257690171,1.3906539963018054,1.3454605123519143,1.3018125916910297,0.6699970325895612,0.8852790749262933,1.401927237342857,1.237870430299913,0.9459160962090052,0.07354628336860156,0.09852310370646103,0.0695005749975589,0.1382302189548626,0.08717285756748253,0.07767475498825321,0.1209422878680098,0.13341798689479012,,,,,,,,,,,,,,,,,,,,,,,,,,,,,,,,,
OurAlgo-MorphEvo-Gen_2869_23-12_05-43-57-468891,0.4461846755316274,0.4408821541265016,1.0228509940512611,1.0183786879060275,0.25382893609550905,0.5087154321795582,0.2884962514381313,1.2177779427155482,0.1874742334071119,0.10318238481983241,0.0672096687373801,0.11978554778179398,0.15473565152666857,0.04188715933052725,0.13838545300993918,0.13529702702372196,3736.521707731632,1.4843979485171253,1.2874665674764265,1.3118835969756202,1.1890681572536677,1.3758295186824503,0.5628846253207505,1.289920722835931,1.171629564447823,0.11902798631856933,0.11042511929287831,0.07851399497023064,0.13283688948407263,0.09236344561857576,0.13692286344884258,0.09524079881087394,0.10384166503577741,0.9274017549375421,1.2248119948570158,0.20420261938223205,0.37901962112661225,0.5496671154087063,0.6329044639556018,0.49590420425232196,0.5141006952836309,0.15924476909365337,0.0886054225841319,0.08799805658395277,0.15462609648756084,0.13095920518796636,0.09982865534007626,0.12375948546110427,0.18205566537842632,2141.157278019562,0.8448948546943287,1.2994092650896991,1.3051923162452348,0.38613045673938085,1.4774919902095758,0.9413344374064173,1.3668545945864707,0.9986279204412366,0.07339106064817345,0.12772584168481607,0.11040910681656184,0.17236626162685448,0.08574862325740222,0.12607731918391635,0.09377406033588588,0.19637153815900973,0.17833892924397243,0.76340957122007,0.5735310995441688,0.806611512523341,0.46478599709114876,0.8646943837989336,0.962089297791011,1.079140224820495,0.1827773245125925,0.19425817002244128,0.18868562449561993,0.18895147531438677,0.12591894893342578,0.06229484568940992,0.10164093261738522,0.12314017580956998,1008.0698551618808,0.9468797006902603,0.29203770065075796,1.2895518504026842,1.3622109962999487,1.4478381654994013,1.3122003088015444,0.1263015421647805,0.16174425533060888,0.14617203265648815,0.12526256091089769,0.13804234713742855,0.1631194699505651,0.14272842391580287,0.1815685694086667,0.13069592694660126,0.0757177998048367,,,,,,,,,,,,,,,,,,,,,,,,,,,,,,,,,
OurAlgo-MorphEvo-Gen_2896_22-12_11-39-40-997430,0.5369074748985541,1.364089449413239,1.2898311272039757,0.821097075392056,0.9617562634326152,0.4671861557604438,0.646428750257529,1.1643790660872253,0.17188579545736957,0.04247844209130089,0.12923946826364982,0.15809227144078958,0.19986759759517478,0.14409731489015884,0.18526392046918289,0.13304311413923747,3466.9483328177075,1.3082713145903013,0.8340918828739993,1.4715854501477206,0.35124894886420704,1.06737029437873,0.7360430791626179,1.4481828433680697,1.214403546056871,0.10234428405155321,0.13918888554717432,0.1076505684202565,0.16556689511741218,0.11122424844933741,0.07882199914520661,0.1798253193340719,0.05928462614921405,0.9341952504558818,0.7807985505342249,0.38436615343507075,0.8574124159804286,1.1800116698629086,1.1305846909408905,0.9823397540588688,1.2854626460665763,0.06993071337920706,0.17138347937649281,0.16882986917207116,0.08156259925853131,0.13715444966441384,0.0651598986082389,0.10522786881194579,0.1446360040277316,1018.171277479521,0.8293244139331638,0.7741547954461798,0.5407889855663408,0.8003536468805165,0.4921355369403851,0.5123471725579805,1.221958058673938,1.337201618070338,0.10579248262970072,0.1331574338607227,0.12305678697475492,0.15886900539253504,0.07328025874236578,0.10155814441598764,0.09941723583907827,0.12581675873456302,0.6054447750355844,1.0864736753597573,1.438854429985958,0.5865652451644212,0.40312343611700285,0.8134342272691704,0.8229824184997816,1.4714028639108168,0.0807665258890003,0.09661045669031483,0.10838986641232563,0.18520353183166968,0.0572288707290152,0.07528894025267437,0.06015635992413239,0.07079479581488617,1143.2210555336335,1.215075501068739,1.4072131271132635,0.17047804314460135,1.3144636319052148,0.489271717313171,0.7412415985438964,0.26901519785977934,1.411383331780092,0.08546874767036419,0.1884686037058932,0.07119707338149592,0.08106131775162345,0.10266011770314612,0.09410920345707074,0.11372931501220716,0.140335551217864,,,,,,,,,,,,,,,,,,,,,,,,,,,,,,,,,
OurAlgo-MorphEvo-Gen_3001_23-12_04-44-54-287722,0.4930070317971307,0.8983771505752155,0.7694146652374226,0.34577267146056617,1.2186672333072095,0.17577320036942856,0.24636344332979376,0.9603007371013279,0.15692283485969846,0.1541769451437276,0.06914370272971535,0.15314136544655182,0.1096713380958589,0.1172483329524739,0.1418740137204041,0.058748108346648883,3664.945914526599,0.6668239376699705,1.4340889870901654,1.2899610897857858,1.216284175900798,1.3426180744686722,0.8741972628557432,1.3814994571716188,0.3038016106393919,0.051790285065624775,0.07327103295114781,0.06172385061378492,0.1465269538585842,0.07260550310814351,0.12019244165760831,0.15486395983320436,0.11770519712129641,0.48036475511726995,0.6556541770926313,0.22827036481605734,1.467771726878989,0.27781155413363634,0.36865527396853964,1.0936107013569925,0.22912280987334643,0.09416809458071736,0.17566508025960664,0.056928727772144166,0.0637472181093367,0.19559375882085117,0.17017082875044975,0.10253082973487189,0.19710677261784537,2135.822059194827,1.3646806977759955,1.4005980161900116,1.144720521002486,1.1818848485434326,1.1725452013632078,0.12751325114640755,1.1602302302573673,0.6484670508608344,0.06346459403263821,0.18382167515835546,0.08641754369066534,0.09651948051510817,0.14174875301829845,0.08354130469639676,0.07348118997702582,0.1312740742127883,0.8387932700463656,0.235661064642124,1.4339979500355384,0.32657702498945407,0.6634515196995917,1.2355721180525516,0.9999823399569228,0.5221888306813225,0.14109393074645032,0.0994930551554147,0.19177615405613782,0.08423602920899259,0.13694173524649694,0.1389119788257443,0.06206987704313925,0.10973989013536482,1038.1318849652082,0.8141472323743184,0.25162340151882423,1.0968481059492714,0.9811651171396303,1.0757124377987999,0.9043327312464302,0.9543862455231247,1.2403453588341558,0.11311429280595035,0.08177289252344155,0.10194692002110245,0.133292590146628,0.13902851275618128,0.15423700970691331,0.1017715422003091,0.06304991137856125,,,,,,,,,,,,,,,,,,,,,,,,,,,,,,,,,
OurAlgo-MorphEvo-Gen_3002_20-12_15-10-59-915662,1.2156641230643501,1.50155011959689,0.7556999703109489,1.2099221906134718,1.1976960093241433,0.8978555777756193,1.3917022028922768,0.3494096470144139,0.12067946820623972,0.16315272752412696,0.0882552975376224,0.15724247274403236,0.14859314956011352,0.18482994009386125,0.1043874685919762,0.18059623019766435,3567.668441608096,1.2765776722421482,1.1237951868308362,1.3830094819313343,0.7163316916730168,1.3034086964216898,0.3922605814836871,1.4013249170708568,1.310141067309396,0.11691711875026914,0.14566927159034412,0.05058639789575081,0.10673232236137961,0.07478571204812196,0.15068785357313333,0.07003133304865224,0.09318874119492776,0.5613648550634623,0.1345416371570165,1.2007557303549556,0.6710627298108762,0.35724253557807956,0.1777354454012242,1.1283368671848473,0.9559670483274798,0.19018027543891963,0.09401043578831358,0.08183287892760521,0.19968514242127405,0.05105577951467763,0.19089410402676127,0.06080356737838294,0.06279915703146541,1024.850753471446,0.6617720005183353,0.9799884417763216,1.2002832905543497,1.2748286736924148,0.5531843852928581,0.32374870835898145,1.1527740672586986,1.1742199638149682,0.14524172073498792,0.08157616895302412,0.06237430387862114,0.15325942337893422,0.07547214551968402,0.14066123543112183,0.09360112109321804,0.1644283742339076,0.8747688314792484,1.2618075814405594,1.3633602816173744,0.7383784800047098,0.24543397045357174,0.18197098183467808,0.9890771914093904,0.16552596987259938,0.16449806390314134,0.0834862826734433,0.17772213056786956,0.1975597390967796,0.1284973431521248,0.11417617278342836,0.1271451534851162,0.1797975526287271,2872.9043833244864,1.1910475595616445,1.296610979249387,1.234811389249617,1.2217533612807556,1.287897186976754,0.2922410401329997,1.3437446013116228,1.027853882126403,0.08710691473583877,0.16433498230313842,0.05518341804466077,0.13343964683014756,0.08474989741126421,0.08742812084190937,0.060440143924260836,0.0918351199596447,,,,,,,,,,,,,,,,,,,,,,,,,,,,,,,,,
OurAlgo-MorphEvo-Gen_3006_22-12_20-22-23-418944,0.12156540203329147,0.2257590547316195,0.9189879461971777,0.7165595880080138,1.136902053535789,0.17645783041373142,0.9342018546997067,0.3448736609910367,0.15923972360967192,0.0765550700541637,0.05924735056242782,0.060957666716545955,0.15837177298527452,0.1032928290168646,0.20299769391743952,0.189512976894799,3444.416648058486,1.375946481401796,0.801621326272445,1.3211420953583022,1.3639133206760823,1.2921723456686323,0.8206988118051666,1.4512725857940363,1.235394728104892,0.14546610067774554,0.16655365101349584,0.05679130108062898,0.09107953473173486,0.07042952705493077,0.166703337372167,0.07285932705895794,0.08798985434511175,1.1340641850665354,0.21096556442201975,1.2013431397569134,0.9987800850899596,0.37131982754884885,0.7947100321526731,0.22483409230993057,0.6365812084051017,0.14715147183942548,0.09130314795206951,0.09427268760860467,0.16461775132773337,0.08716401224950694,0.16611926777490102,0.14418652249911854,0.12027960254672201,2711.4902293390437,1.4406756027194922,1.377471177384267,1.3224426794547126,0.9872718232529625,1.3242791498374789,0.37668079668444815,1.2165632740987153,1.4255114011663217,0.061189471847178795,0.17169061322189094,0.06737255464010766,0.1064516378954959,0.07014023667878068,0.1180828381721512,0.07167026102341711,0.10931644308981497,0.23947760458288603,1.2296474471445267,0.2843121158291343,0.9730409355069722,0.3930905259817983,0.4727108552696963,0.5216278679510409,1.3290494878625658,0.07912711229049896,0.09252379204090166,0.1788331048477014,0.10390304350443216,0.15680438297829846,0.09248604257669164,0.12736030678392943,0.06403107120406021,1092.0222780354852,0.7061929960935194,1.4082582966112867,0.9790579351760526,0.7611737895438517,0.28576790949747455,1.1655911254307094,1.220733554384824,0.7559940024045835,0.05782790419469791,0.18125877329258985,0.07471584667110846,0.12399901198193815,0.13690999278016783,0.0583108348251206,0.10405875277867108,0.12092536063145409,,,,,,,,,,,,,,,,,,,,,,,,,,,,,,,,,
OurAlgo-MorphEvo-Gen_3123_22-12_00-32-13-043755,0.8783858367621324,1.0734142615195932,0.2870950513469074,1.0557727036245192,1.3474436327309547,1.3582393753544557,0.7979707424012742,1.3177294805882689,0.17705693888621354,0.15281185122915236,0.07575910269682924,0.07914273609914196,0.10713329924948246,0.11351444615453236,0.10956381961375473,0.09701309877158235,3717.435056882926,1.2388649918403059,1.2390833427410062,1.3616041593757608,0.9708431977406455,1.4539110766769467,0.1890671969595924,1.4338476519339385,0.7740531474202568,0.12836569081970364,0.13848102417853744,0.08757674069251928,0.14230100101147944,0.0712238173189629,0.18408607069871843,0.09523024645807804,0.1320541751324301,0.7330474308055408,0.39601013658614187,0.5469459999057236,1.4399485546214135,0.5057239887632452,1.3403288873654158,0.7822591701694341,0.18753827853371008,0.17375303178618534,0.11297017421721897,0.18962659077399777,0.0829698682316974,0.09217435716161787,0.09887896516394865,0.16691442822082178,0.08469158943993227,1017.0316971528106,1.3086595036034887,1.348712667841748,0.9897828493664315,1.0670884708473096,1.3874009428550012,1.2493829192786072,0.8666019125654847,0.3929535881491786,0.08166605198773151,0.10030763305374567,0.11154075782924174,0.08002897288442545,0.06096829369062119,0.16461086549558002,0.12625886170792663,0.09485701867390864,1.0473345860863748,0.4528426283416949,1.2882445294297116,1.0551631725910267,0.11378302001876461,0.6062632871612585,1.000904270734019,0.243274089226866,0.14807957649465275,0.1926492957017143,0.08791716974037236,0.061659665585041004,0.18656360242989442,0.19697955679467494,0.067847519251536,0.10206676136873089,2046.286278803192,1.2934423071654075,1.1396703454318078,1.1023350845402715,0.12363122850929609,1.1837042013606474,1.2318437298384413,1.4655375291823507,1.348854559918023,0.06420803849558787,0.13504755411781394,0.09759284623259187,0.10140529318739519,0.06642790700673737,0.12314879004106445,0.10617942218195817,0.12365459826718067,,,,,,,,,,,,,,,,,,,,,,,,,,,,,,,,,
OurAlgo-MorphEvo-Gen_3130_21-12_14-47-44-899813,1.452796409687819,0.9134046934771527,1.123944899068629,0.9929376938211915,0.41129775125802526,1.3577235703020374,0.4707414476701199,1.4237860798126452,0.14870058172192974,0.13886355004651144,0.16766182264927323,0.13384650920116054,0.19428331045327318,0.13008148986047435,0.0890998272574174,0.13904148525535232,3412.7369272384203,1.3347687989978247,1.3693045832974193,1.268137650354358,0.7289941741066882,0.9194129691044703,0.45246058242945936,1.392158124156614,1.0538083525547668,0.08811417495373519,0.13111544926664326,0.07367341656583326,0.1516677186942314,0.09015767596676487,0.1639910169779651,0.06196169069863726,0.10477583046383043,0.4487102349140556,0.459279593840794,1.3561302108452118,0.1885915533860314,0.6768015839907102,1.327095945521611,0.9805817590964354,0.22584220937670374,0.1048426463515561,0.05434840243830423,0.06020601657816667,0.16748746825126906,0.07040450280795696,0.1649861331982246,0.1495057619319731,0.12773969979979735,1005.8429938915988,0.2823284413387521,0.833181617817321,1.177498125306111,0.8988034265275603,1.463236720797123,1.4069614798455903,0.29944784822301007,0.21293901882021082,0.09642872017771319,0.09712738222622648,0.07669511177103519,0.1955615029104375,0.10917100483226982,0.1772749822058664,0.08245628037717254,0.06567063021048306,0.7623878185179149,0.8435407474987079,1.0225632999840237,1.0144969378126758,0.45240764901958264,0.4010509977740449,1.0947670112202106,0.15438825164784675,0.12087838305425647,0.060476267982669515,0.11879024498641494,0.16381165367119918,0.13439566678606513,0.1276278378124497,0.0508411148212133,0.15164250946400795,2425.9880468949623,1.400988790506606,1.4834903711040983,1.4065470252868304,1.0520820723080944,0.7054840993119241,0.26475505385224607,1.1208220395035644,1.0456231061990393,0.0511688039299954,0.16226352704669772,0.07647118604702412,0.11006264235073795,0.06771250265223899,0.17673489414117718,0.07451455987598037,0.116261680572526,,,,,,,,,,,,,,,,,,,,,,,,,,,,,,,,,
OurAlgo-MorphEvo-Gen_3149_21-12_01-24-25-283105,1.5115024417255811,1.3913018930553671,1.0106606483074123,1.317370693492248,1.1832551999022702,1.1578119079197062,0.8013529958120954,0.42287724097421275,0.14218507792873097,0.18198260250913292,0.15306002876752578,0.16665801846703576,0.09250857725945544,0.1274477234633422,0.1658985475881796,0.18448641280874897,3899.3197757519615,1.3607673645788372,1.2614902748876042,1.0336730567225891,1.1599239421349306,1.2876940233559029,0.7437117990067887,1.4611983119686227,0.7192919798501329,0.12100710621304969,0.15136219629351405,0.06178570416870495,0.11506704115852065,0.0668013303278395,0.16990263405629263,0.07539288279579492,0.07890805282852789,0.6147234258474268,1.075751081002429,1.049823595698119,1.3203237443855471,1.0429903962575995,0.23878712429966265,1.0233832445905207,0.2552994905530903,0.053998550177076304,0.19112423184125588,0.1352144649616508,0.08606503214341446,0.13809914625410205,0.11536763303179828,0.08185546144077735,0.14438983125859167,2190.865840920462,1.4087601788335045,1.3607112135824604,1.4564652835327383,0.66804678162821,1.3546726518456196,0.3516221194030059,1.3529242756072608,1.473215285372286,0.08494109553814758,0.12258060493053036,0.10881440985788998,0.11978842273544266,0.05300135555633856,0.13983167216689993,0.05971386182753306,0.12037049656835253,0.6066696838323679,0.38482470962080606,0.39009400639703756,1.0161219710642917,0.9710545218676218,0.30240706332979234,0.2823473150547544,0.6523643992564234,0.08130452710881272,0.14202386936031158,0.14708346082035015,0.19873840437269136,0.15405386042657654,0.1669032085600242,0.09177162485122878,0.19298966527400813,2120.6817878086526,1.4258794297812032,1.34344019558907,1.0787110073061004,1.3454949122241415,1.2453305436595905,0.6326476442446011,1.1688031934579852,1.2661347296707093,0.07943133762642839,0.16311520012847125,0.059019742688710616,0.06033589815368144,0.09289655767888219,0.17359139106624508,0.05792341219562583,0.07211839779048279,,,,,,,,,,,,,,,,,,,,,,,,,,,,,,,,,
OurAlgo-MorphEvo-Gen_3182_21-12_00-53-32-313912,0.565203401293611,0.6297261294698804,0.8070335501739062,1.1658639813501983,0.7817552053877457,1.4895232395401745,1.155793089411878,0.19143573529351854,0.14916576181806468,0.08066115726617698,0.16113758229770972,0.0626566744530711,0.0712920765382,0.1866247923217077,0.0652257460518457,0.10260796783464578,3903.698100878318,1.444133241645304,1.2148953224823407,1.4972025988929725,0.43591035357733743,1.36034587585291,1.103977956070709,1.3211155574891287,1.288799014416564,0.08336831088001823,0.07971666101533123,0.08635180853909252,0.18613465132136864,0.06560423426593061,0.14513682399522723,0.06100148970948417,0.17478117867495294,0.5785091485694529,0.6148630102817056,1.0174005556562884,0.8218050129334897,0.8439374822302765,0.29386354355599154,0.9988863755693509,1.2878830753971595,0.06483103144973526,0.07922669268861637,0.15563992693290188,0.1397117562838962,0.12825245324675932,0.10262542603018943,0.05813880504079373,0.0808392761377972,2527.0614468515755,1.4059908802014258,1.2851814202856278,1.3405957446250691,0.9447531703151244,1.2170864429817247,0.6257334891331278,1.2900301921946848,1.3600665000802998,0.06822637675120444,0.11959822509199435,0.05859096921931256,0.1154866477744792,0.05940224985376184,0.13201330109493026,0.07719958485303932,0.10907490022998542,1.1324731658967087,0.6783466710070702,0.7306574794754839,1.428922936905497,0.9282382186904468,0.2558297955020319,0.2847888564334239,0.6121149585254351,0.0781576808212202,0.19005335601497952,0.14901153791895577,0.14506330918743096,0.09487176330627317,0.1902501900263699,0.09818014462909891,0.12277372451735208,2555.5405707383684,1.2110107445357907,0.760200831578557,1.3714605635467942,0.2425965127917864,1.3703607983566903,0.11651105564026831,1.236612669598219,1.1345458512095474,0.13695012616898217,0.10989474384413166,0.082404419669201,0.0979821029391709,0.058272920566931896,0.1354796750571258,0.1031660520783029,0.10063072389079385,,,,,,,,,,,,,,,,,,,,,,,,,,,,,,,,,
