env,env_par1,env_par2,controller,fitness
def,,,"ht(2.6,20)",4898.837790647786
"ht(2.2,5)",5.0,2.2,"ht(2.6,20)",2932.523189792203
"ht(2.4,5)",5.0,2.4,"ht(2.6,20)",2930.8390767627893
"ht(2.6,5)",5.0,2.6,"ht(2.6,20)",2494.384740750222
"ht(2.8,5)",5.0,2.8,"ht(2.6,20)",2500.312963516818
"ht(3.0,5)",5.0,3.0,"ht(2.6,20)",2184.5119268524086
"ht(3.2,5)",5.0,3.2,"ht(2.6,20)",2053.8607255230036
"ht(3.4,5)",5.0,3.4,"ht(2.6,20)",1593.6857914749742
"ht(3.6,5)",5.0,3.6,"ht(2.6,20)",1665.5528274584733
"ht(3.8,5)",5.0,3.8,"ht(2.6,20)",1492.5784550977344
"ht(4.0,5)",5.0,4.0,"ht(2.6,20)",914.3698161411588
"ht(2.2,10)",10.0,2.2,"ht(2.6,20)",4035.2473765784007
"ht(2.4,10)",10.0,2.4,"ht(2.6,20)",4010.479460475596
"ht(2.6,10)",10.0,2.6,"ht(2.6,20)",3651.442561439578
"ht(2.8,10)",10.0,2.8,"ht(2.6,20)",3480.857171887534
"ht(3.0,10)",10.0,3.0,"ht(2.6,20)",3528.7480809692615
"ht(3.2,10)",10.0,3.2,"ht(2.6,20)",3344.5143791044925
"ht(3.4,10)",10.0,3.4,"ht(2.6,20)",3009.0602621324874
"ht(3.6,10)",10.0,3.6,"ht(2.6,20)",2537.591170726592
"ht(3.8,10)",10.0,3.8,"ht(2.6,20)",2682.2472409604293
"ht(4.0,10)",10.0,4.0,"ht(2.6,20)",2524.921482117497
"ht(2.2,15)",15.0,2.2,"ht(2.6,20)",4552.328237945854
"ht(2.4,15)",15.0,2.4,"ht(2.6,20)",4349.615345088791
"ht(2.6,15)",15.0,2.6,"ht(2.6,20)",4198.801015059401
"ht(2.8,15)",15.0,2.8,"ht(2.6,20)",4066.7040659864883
"ht(3.0,15)",15.0,3.0,"ht(2.6,20)",4093.745772952348
"ht(3.2,15)",15.0,3.2,"ht(2.6,20)",3548.629361674802
"ht(3.4,15)",15.0,3.4,"ht(2.6,20)",3763.213970646829
"ht(3.6,15)",15.0,3.6,"ht(2.6,20)",3657.0895999908053
"ht(3.8,15)",15.0,3.8,"ht(2.6,20)",3386.0013980226336
"ht(4.0,15)",15.0,4.0,"ht(2.6,20)",3067.244390336186
"ht(2.2,20)",20.0,2.2,"ht(2.6,20)",4610.637945920486
"ht(2.4,20)",20.0,2.4,"ht(2.6,20)",4671.934834162225
"ht(2.6,20)",20.0,2.6,"ht(2.6,20)",4506.147010910847
"ht(2.8,20)",20.0,2.8,"ht(2.6,20)",4494.461097672641
"ht(3.0,20)",20.0,3.0,"ht(2.6,20)",4229.541596559453
"ht(3.2,20)",20.0,3.2,"ht(2.6,20)",4023.1185544106306
"ht(3.4,20)",20.0,3.4,"ht(2.6,20)",4169.009332644101
"ht(3.6,20)",20.0,3.6,"ht(2.6,20)",3870.8088450823034
"ht(3.8,20)",20.0,3.8,"ht(2.6,20)",4020.3215601651787
"ht(4.0,20)",20.0,4.0,"ht(2.6,20)",3795.9784900762306
"rt(0.1,1)",1.0,0.1,"ht(2.6,20)",4263.377894046902
"rt(0.2,1)",1.0,0.2,"ht(2.6,20)",4182.140173297089
"rt(0.3,1)",1.0,0.3,"ht(2.6,20)",3184.633243956918
"rt(0.4,1)",1.0,0.4,"ht(2.6,20)",3157.7469785559615
"rt(0.5,1)",1.0,0.5,"ht(2.6,20)",2098.3009332251977
"rt(0.6,1)",1.0,0.6,"ht(2.6,20)",1553.11495837816
"rt(0.7,1)",1.0,0.7,"ht(2.6,20)",1256.7037558920829
"rt(0.8,1)",1.0,0.8,"ht(2.6,20)",974.7495177155307
"rt(0.9,1)",1.0,0.9,"ht(2.6,20)",1069.5930683931608
"rt(1.0,1)",1.0,1.0,"ht(2.6,20)",559.5005723502732
"rt(0.1,2)",2.0,0.1,"ht(2.6,20)",3913.3696630017375
"rt(0.2,2)",2.0,0.2,"ht(2.6,20)",3937.111629587152
"rt(0.3,2)",2.0,0.3,"ht(2.6,20)",3607.939102214112
"rt(0.4,2)",2.0,0.4,"ht(2.6,20)",3138.3870915533134
"rt(0.5,2)",2.0,0.5,"ht(2.6,20)",2187.9807425102194
"rt(0.6,2)",2.0,0.6,"ht(2.6,20)",2288.499377132889
"rt(0.7,2)",2.0,0.7,"ht(2.6,20)",1613.9563772183178
"rt(0.8,2)",2.0,0.8,"ht(2.6,20)",1276.8505531711344
"rt(0.9,2)",2.0,0.9,"ht(2.6,20)",1255.4366767625252
"rt(1.0,2)",2.0,1.0,"ht(2.6,20)",904.1133158652085
"rt(0.1,3)",3.0,0.1,"ht(2.6,20)",4277.934442222719
"rt(0.2,3)",3.0,0.2,"ht(2.6,20)",3807.7289680127883
"rt(0.3,3)",3.0,0.3,"ht(2.6,20)",3912.213399336389
"rt(0.4,3)",3.0,0.4,"ht(2.6,20)",3347.0898550361976
"rt(0.5,3)",3.0,0.5,"ht(2.6,20)",2990.7814926010474
"rt(0.6,3)",3.0,0.6,"ht(2.6,20)",2282.8200808974
"rt(0.7,3)",3.0,0.7,"ht(2.6,20)",1822.7372827262018
"rt(0.8,3)",3.0,0.8,"ht(2.6,20)",1721.2685108722196
"rt(0.9,3)",3.0,0.9,"ht(2.6,20)",1632.8982794800181
"rt(1.0,3)",3.0,1.0,"ht(2.6,20)",1114.8925575629712
"rt(0.1,4)",4.0,0.1,"ht(2.6,20)",4202.25269981218
"rt(0.2,4)",4.0,0.2,"ht(2.6,20)",4147.039634674064
"rt(0.3,4)",4.0,0.3,"ht(2.6,20)",3587.616673366004
"rt(0.4,4)",4.0,0.4,"ht(2.6,20)",3184.7826678101696
"rt(0.5,4)",4.0,0.5,"ht(2.6,20)",2860.13366197381
"rt(0.6,4)",4.0,0.6,"ht(2.6,20)",3099.4956485946655
"rt(0.7,4)",4.0,0.7,"ht(2.6,20)",2594.1598036940563
"rt(0.8,4)",4.0,0.8,"ht(2.6,20)",2162.6440331065755
"rt(0.9,4)",4.0,0.9,"ht(2.6,20)",1571.0812058192566
"rt(1.0,4)",4.0,1.0,"ht(2.6,20)",1390.716648811123
def,,,"ht(2.6,5)",4308.000807795548
"ht(2.2,5)",5.0,2.2,"ht(2.6,5)",3162.3238462734566
"ht(2.4,5)",5.0,2.4,"ht(2.6,5)",2887.533865104892
"ht(2.6,5)",5.0,2.6,"ht(2.6,5)",2410.1532533148343
"ht(2.8,5)",5.0,2.8,"ht(2.6,5)",2249.617056836177
"ht(3.0,5)",5.0,3.0,"ht(2.6,5)",1424.478983665869
"ht(3.2,5)",5.0,3.2,"ht(2.6,5)",1363.4342608616864
"ht(3.4,5)",5.0,3.4,"ht(2.6,5)",1581.2079574528216
"ht(3.6,5)",5.0,3.6,"ht(2.6,5)",1070.7145654497124
"ht(3.8,5)",5.0,3.8,"ht(2.6,5)",947.8051521962203
"ht(4.0,5)",5.0,4.0,"ht(2.6,5)",790.1711055107277
"ht(2.2,10)",10.0,2.2,"ht(2.6,5)",3860.1897426227742
"ht(2.4,10)",10.0,2.4,"ht(2.6,5)",3774.704863542905
"ht(2.6,10)",10.0,2.6,"ht(2.6,5)",3589.90704830548
"ht(2.8,10)",10.0,2.8,"ht(2.6,5)",3639.4820207614566
"ht(3.0,10)",10.0,3.0,"ht(2.6,5)",3272.9354221392964
"ht(3.2,10)",10.0,3.2,"ht(2.6,5)",3107.4007915308243
"ht(3.4,10)",10.0,3.4,"ht(2.6,5)",2771.197884332077
"ht(3.6,10)",10.0,3.6,"ht(2.6,5)",2606.8472563615346
"ht(3.8,10)",10.0,3.8,"ht(2.6,5)",2373.405617785181
"ht(4.0,10)",10.0,4.0,"ht(2.6,5)",2247.8287064048623
"ht(2.2,15)",15.0,2.2,"ht(2.6,5)",4272.446807639265
"ht(2.4,15)",15.0,2.4,"ht(2.6,5)",4003.3208056144454
"ht(2.6,15)",15.0,2.6,"ht(2.6,5)",4051.13206937007
"ht(2.8,15)",15.0,2.8,"ht(2.6,5)",3952.8297944812066
"ht(3.0,15)",15.0,3.0,"ht(2.6,5)",3951.757164381218
"ht(3.2,15)",15.0,3.2,"ht(2.6,5)",3717.4408463569825
"ht(3.4,15)",15.0,3.4,"ht(2.6,5)",3507.7488977456783
"ht(3.6,15)",15.0,3.6,"ht(2.6,5)",3294.846654113273
"ht(3.8,15)",15.0,3.8,"ht(2.6,5)",3275.132644521973
"ht(4.0,15)",15.0,4.0,"ht(2.6,5)",3132.504741098794
"ht(2.2,20)",20.0,2.2,"ht(2.6,5)",4371.558651056436
"ht(2.4,20)",20.0,2.4,"ht(2.6,5)",4218.607474610809
"ht(2.6,20)",20.0,2.6,"ht(2.6,5)",4395.361242090996
"ht(2.8,20)",20.0,2.8,"ht(2.6,5)",4113.188238392842
"ht(3.0,20)",20.0,3.0,"ht(2.6,5)",4269.49475840731
"ht(3.2,20)",20.0,3.2,"ht(2.6,5)",3944.9071976362115
"ht(3.4,20)",20.0,3.4,"ht(2.6,5)",4113.189957946099
"ht(3.6,20)",20.0,3.6,"ht(2.6,5)",3950.527973512975
"ht(3.8,20)",20.0,3.8,"ht(2.6,5)",3612.1580605772297
"ht(4.0,20)",20.0,4.0,"ht(2.6,5)",3700.1517375864
"rt(0.1,1)",1.0,0.1,"ht(2.6,5)",4260.944523466916
"rt(0.2,1)",1.0,0.2,"ht(2.6,5)",3987.17973589066
"rt(0.3,1)",1.0,0.3,"ht(2.6,5)",3499.683491350882
"rt(0.4,1)",1.0,0.4,"ht(2.6,5)",3147.7654028334537
"rt(0.5,1)",1.0,0.5,"ht(2.6,5)",2530.8892646230443
"rt(0.6,1)",1.0,0.6,"ht(2.6,5)",2306.7294470266033
"rt(0.7,1)",1.0,0.7,"ht(2.6,5)",1965.5348429079022
"rt(0.8,1)",1.0,0.8,"ht(2.6,5)",1780.7769399335818
"rt(0.9,1)",1.0,0.9,"ht(2.6,5)",1540.0632346000314
"rt(1.0,1)",1.0,1.0,"ht(2.6,5)",1261.5406282787242
"rt(0.1,2)",2.0,0.1,"ht(2.6,5)",4266.074388277651
"rt(0.2,2)",2.0,0.2,"ht(2.6,5)",3569.0362268843287
"rt(0.3,2)",2.0,0.3,"ht(2.6,5)",3639.1842896889802
"rt(0.4,2)",2.0,0.4,"ht(2.6,5)",3342.9790740976214
"rt(0.5,2)",2.0,0.5,"ht(2.6,5)",2800.2740574058553
"rt(0.6,2)",2.0,0.6,"ht(2.6,5)",2428.6070957883717
"rt(0.7,2)",2.0,0.7,"ht(2.6,5)",1919.45095290719
"rt(0.8,2)",2.0,0.8,"ht(2.6,5)",1902.3862506952476
"rt(0.9,2)",2.0,0.9,"ht(2.6,5)",1475.9036305347008
"rt(1.0,2)",2.0,1.0,"ht(2.6,5)",1540.7970785070836
"rt(0.1,3)",3.0,0.1,"ht(2.6,5)",3878.3726271548594
"rt(0.2,3)",3.0,0.2,"ht(2.6,5)",4165.8754847930795
"rt(0.3,3)",3.0,0.3,"ht(2.6,5)",3773.4005989977095
"rt(0.4,3)",3.0,0.4,"ht(2.6,5)",3235.3786118185035
"rt(0.5,3)",3.0,0.5,"ht(2.6,5)",2859.892251342762
"rt(0.6,3)",3.0,0.6,"ht(2.6,5)",2389.8705466415017
"rt(0.7,3)",3.0,0.7,"ht(2.6,5)",2137.6226620503276
"rt(0.8,3)",3.0,0.8,"ht(2.6,5)",1899.6860207829889
"rt(0.9,3)",3.0,0.9,"ht(2.6,5)",1782.7752333338547
"rt(1.0,3)",3.0,1.0,"ht(2.6,5)",1527.5014854710564
"rt(0.1,4)",4.0,0.1,"ht(2.6,5)",4233.445232456323
"rt(0.2,4)",4.0,0.2,"ht(2.6,5)",3844.8336460957744
"rt(0.3,4)",4.0,0.3,"ht(2.6,5)",3854.530199271367
"rt(0.4,4)",4.0,0.4,"ht(2.6,5)",3699.848986075401
"rt(0.5,4)",4.0,0.5,"ht(2.6,5)",3182.5306848947334
"rt(0.6,4)",4.0,0.6,"ht(2.6,5)",2361.010159193883
"rt(0.7,4)",4.0,0.7,"ht(2.6,5)",2340.2506220552145
"rt(0.8,4)",4.0,0.8,"ht(2.6,5)",1982.0915795495673
"rt(0.9,4)",4.0,0.9,"ht(2.6,5)",1763.6392622263297
"rt(1.0,4)",4.0,1.0,"ht(2.6,5)",1576.0886387598555
def,,,"ht(3.6,20)",4599.758960512209
"ht(2.2,5)",5.0,2.2,"ht(3.6,20)",3489.1683044562856
"ht(2.4,5)",5.0,2.4,"ht(3.6,20)",2885.6623621391004
"ht(2.6,5)",5.0,2.6,"ht(3.6,20)",2517.3902977692455
"ht(2.8,5)",5.0,2.8,"ht(3.6,20)",2652.708633334538
"ht(3.0,5)",5.0,3.0,"ht(3.6,20)",1928.9071218559775
"ht(3.2,5)",5.0,3.2,"ht(3.6,20)",1706.916098798218
"ht(3.4,5)",5.0,3.4,"ht(3.6,20)",1216.9629533278421
"ht(3.6,5)",5.0,3.6,"ht(3.6,20)",1358.170265181236
"ht(3.8,5)",5.0,3.8,"ht(3.6,20)",1260.2421744707783
"ht(4.0,5)",5.0,4.0,"ht(3.6,20)",1019.8670866725954
"ht(2.2,10)",10.0,2.2,"ht(3.6,20)",4506.665541665503
"ht(2.4,10)",10.0,2.4,"ht(3.6,20)",4199.32004579453
"ht(2.6,10)",10.0,2.6,"ht(3.6,20)",4028.8312320271234
"ht(2.8,10)",10.0,2.8,"ht(3.6,20)",3758.9902053875103
"ht(3.0,10)",10.0,3.0,"ht(3.6,20)",3547.594611802618
"ht(3.2,10)",10.0,3.2,"ht(3.6,20)",3484.949481394172
"ht(3.4,10)",10.0,3.4,"ht(3.6,20)",2962.0257646190607
"ht(3.6,10)",10.0,3.6,"ht(3.6,20)",2763.0207499846756
"ht(3.8,10)",10.0,3.8,"ht(3.6,20)",2749.6195718531612
"ht(4.0,10)",10.0,4.0,"ht(3.6,20)",2437.7713914076107
"ht(2.2,15)",15.0,2.2,"ht(3.6,20)",4502.1797747899245
"ht(2.4,15)",15.0,2.4,"ht(3.6,20)",4584.230424994224
"ht(2.6,15)",15.0,2.6,"ht(3.6,20)",4528.734191060632
"ht(2.8,15)",15.0,2.8,"ht(3.6,20)",4364.446454646548
"ht(3.0,15)",15.0,3.0,"ht(3.6,20)",4228.410752891484
"ht(3.2,15)",15.0,3.2,"ht(3.6,20)",3981.1283269148703
"ht(3.4,15)",15.0,3.4,"ht(3.6,20)",4069.408024538014
"ht(3.6,15)",15.0,3.6,"ht(3.6,20)",4039.45618549371
"ht(3.8,15)",15.0,3.8,"ht(3.6,20)",3789.7907166362725
"ht(4.0,15)",15.0,4.0,"ht(3.6,20)",3634.0743003086877
"ht(2.2,20)",20.0,2.2,"ht(3.6,20)",4910.449843796537
"ht(2.4,20)",20.0,2.4,"ht(3.6,20)",4857.143699746521
"ht(2.6,20)",20.0,2.6,"ht(3.6,20)",4352.270821119869
"ht(2.8,20)",20.0,2.8,"ht(3.6,20)",4919.956960521158
"ht(3.0,20)",20.0,3.0,"ht(3.6,20)",4757.655150904747
"ht(3.2,20)",20.0,3.2,"ht(3.6,20)",4555.547670979159
"ht(3.4,20)",20.0,3.4,"ht(3.6,20)",4378.50191742068
"ht(3.6,20)",20.0,3.6,"ht(3.6,20)",4522.784193851948
"ht(3.8,20)",20.0,3.8,"ht(3.6,20)",4313.975806895171
"ht(4.0,20)",20.0,4.0,"ht(3.6,20)",4396.347261869872
"rt(0.1,1)",1.0,0.1,"ht(3.6,20)",4249.370640065375
"rt(0.2,1)",1.0,0.2,"ht(3.6,20)",3311.261019126954
"rt(0.3,1)",1.0,0.3,"ht(3.6,20)",2918.2323310195266
"rt(0.4,1)",1.0,0.4,"ht(3.6,20)",2646.352244051716
"rt(0.5,1)",1.0,0.5,"ht(3.6,20)",2355.3333422567457
"rt(0.6,1)",1.0,0.6,"ht(3.6,20)",2026.3983755407246
"rt(0.7,1)",1.0,0.7,"ht(3.6,20)",1765.175643536516
"rt(0.8,1)",1.0,0.8,"ht(3.6,20)",1521.4278368060366
"rt(0.9,1)",1.0,0.9,"ht(3.6,20)",1568.0023786822292
"rt(1.0,1)",1.0,1.0,"ht(3.6,20)",1225.406490440119
"rt(0.1,2)",2.0,0.1,"ht(3.6,20)",3975.626279007024
"rt(0.2,2)",2.0,0.2,"ht(3.6,20)",3617.4973339371145
"rt(0.3,2)",2.0,0.3,"ht(3.6,20)",2808.2998140180866
"rt(0.4,2)",2.0,0.4,"ht(3.6,20)",2959.140929494509
"rt(0.5,2)",2.0,0.5,"ht(3.6,20)",2627.0754442889806
"rt(0.6,2)",2.0,0.6,"ht(3.6,20)",2301.814679834496
"rt(0.7,2)",2.0,0.7,"ht(3.6,20)",1658.9956968458448
"rt(0.8,2)",2.0,0.8,"ht(3.6,20)",1740.4591425191027
"rt(0.9,2)",2.0,0.9,"ht(3.6,20)",1549.5023067380232
"rt(1.0,2)",2.0,1.0,"ht(3.6,20)",1341.5158923405006
"rt(0.1,3)",3.0,0.1,"ht(3.6,20)",3866.7421458728923
"rt(0.2,3)",3.0,0.2,"ht(3.6,20)",3801.6178208130177
"rt(0.3,3)",3.0,0.3,"ht(3.6,20)",3588.9890362584906
"rt(0.4,3)",3.0,0.4,"ht(3.6,20)",3153.0234863441237
"rt(0.5,3)",3.0,0.5,"ht(3.6,20)",2802.762525041723
"rt(0.6,3)",3.0,0.6,"ht(3.6,20)",2271.1262249556185
"rt(0.7,3)",3.0,0.7,"ht(3.6,20)",2094.8715721825506
"rt(0.8,3)",3.0,0.8,"ht(3.6,20)",1783.1762074450621
"rt(0.9,3)",3.0,0.9,"ht(3.6,20)",1268.357618275383
"rt(1.0,3)",3.0,1.0,"ht(3.6,20)",1570.62297664637
"rt(0.1,4)",4.0,0.1,"ht(3.6,20)",3545.5716135945413
"rt(0.2,4)",4.0,0.2,"ht(3.6,20)",3753.9080637495604
"rt(0.3,4)",4.0,0.3,"ht(3.6,20)",3261.4494142274857
"rt(0.4,4)",4.0,0.4,"ht(3.6,20)",3274.0844869913785
"rt(0.5,4)",4.0,0.5,"ht(3.6,20)",2522.331493482563
"rt(0.6,4)",4.0,0.6,"ht(3.6,20)",2296.6050113130987
"rt(0.7,4)",4.0,0.7,"ht(3.6,20)",2211.747337903808
"rt(0.8,4)",4.0,0.8,"ht(3.6,20)",2149.1965653979546
"rt(0.9,4)",4.0,0.9,"ht(3.6,20)",1727.687790691435
"rt(1.0,4)",4.0,1.0,"ht(3.6,20)",1557.6835592899795
def,,,"ht(3.6,5)",3696.286838289053
"ht(2.2,5)",5.0,2.2,"ht(3.6,5)",2940.835424197204
"ht(2.4,5)",5.0,2.4,"ht(3.6,5)",2963.8916149416696
"ht(2.6,5)",5.0,2.6,"ht(3.6,5)",2668.450109648983
"ht(2.8,5)",5.0,2.8,"ht(3.6,5)",2180.2207967044546
"ht(3.0,5)",5.0,3.0,"ht(3.6,5)",2187.1892829299063
"ht(3.2,5)",5.0,3.2,"ht(3.6,5)",1950.9177236321236
"ht(3.4,5)",5.0,3.4,"ht(3.6,5)",1950.691320516183
"ht(3.6,5)",5.0,3.6,"ht(3.6,5)",1660.0655684863332
"ht(3.8,5)",5.0,3.8,"ht(3.6,5)",1581.9534835026845
"ht(4.0,5)",5.0,4.0,"ht(3.6,5)",1363.2646282505482
"ht(2.2,10)",10.0,2.2,"ht(3.6,5)",3456.3383519141303
"ht(2.4,10)",10.0,2.4,"ht(3.6,5)",3140.080070941443
"ht(2.6,10)",10.0,2.6,"ht(3.6,5)",3213.913142560195
"ht(2.8,10)",10.0,2.8,"ht(3.6,5)",2677.1601020799912
"ht(3.0,10)",10.0,3.0,"ht(3.6,5)",2589.2328235404793
"ht(3.2,10)",10.0,3.2,"ht(3.6,5)",2727.3262955153723
"ht(3.4,10)",10.0,3.4,"ht(3.6,5)",2529.465256228727
"ht(3.6,10)",10.0,3.6,"ht(3.6,5)",2552.6708179376496
"ht(3.8,10)",10.0,3.8,"ht(3.6,5)",2222.3212654602557
"ht(4.0,10)",10.0,4.0,"ht(3.6,5)",1971.5103869086124
"ht(2.2,15)",15.0,2.2,"ht(3.6,5)",3910.412265761935
"ht(2.4,15)",15.0,2.4,"ht(3.6,5)",3594.898482470209
"ht(2.6,15)",15.0,2.6,"ht(3.6,5)",3541.954610685331
"ht(2.8,15)",15.0,2.8,"ht(3.6,5)",3404.381714835613
"ht(3.0,15)",15.0,3.0,"ht(3.6,5)",3184.179979065994
"ht(3.2,15)",15.0,3.2,"ht(3.6,5)",3125.53255152797
"ht(3.4,15)",15.0,3.4,"ht(3.6,5)",3252.21329716607
"ht(3.6,15)",15.0,3.6,"ht(3.6,5)",2652.8259210052324
"ht(3.8,15)",15.0,3.8,"ht(3.6,5)",3152.2942157111756
"ht(4.0,15)",15.0,4.0,"ht(3.6,5)",2708.088131391997
"ht(2.2,20)",20.0,2.2,"ht(3.6,5)",3752.7195337846065
"ht(2.4,20)",20.0,2.4,"ht(3.6,5)",3739.008563752405
"ht(2.6,20)",20.0,2.6,"ht(3.6,5)",3704.731811631075
"ht(2.8,20)",20.0,2.8,"ht(3.6,5)",3631.0626896207664
"ht(3.0,20)",20.0,3.0,"ht(3.6,5)",3618.165356981286
"ht(3.2,20)",20.0,3.2,"ht(3.6,5)",3122.7645317343386
"ht(3.4,20)",20.0,3.4,"ht(3.6,5)",3586.8376947972843
"ht(3.6,20)",20.0,3.6,"ht(3.6,5)",3232.482809499218
"ht(3.8,20)",20.0,3.8,"ht(3.6,5)",3585.4865627449512
"ht(4.0,20)",20.0,4.0,"ht(3.6,5)",3129.5051092768917
"rt(0.1,1)",1.0,0.1,"ht(3.6,5)",2803.978334097257
"rt(0.2,1)",1.0,0.2,"ht(3.6,5)",3282.982720952366
"rt(0.3,1)",1.0,0.3,"ht(3.6,5)",2678.1807092773956
"rt(0.4,1)",1.0,0.4,"ht(3.6,5)",2521.104913391291
"rt(0.5,1)",1.0,0.5,"ht(3.6,5)",1976.8631532969541
"rt(0.6,1)",1.0,0.6,"ht(3.6,5)",1978.9649521473514
"rt(0.7,1)",1.0,0.7,"ht(3.6,5)",1750.3046266098784
"rt(0.8,1)",1.0,0.8,"ht(3.6,5)",1603.1987648987629
"rt(0.9,1)",1.0,0.9,"ht(3.6,5)",1592.6783996125084
"rt(1.0,1)",1.0,1.0,"ht(3.6,5)",1053.684149512974
"rt(0.1,2)",2.0,0.1,"ht(3.6,5)",3454.646830215382
"rt(0.2,2)",2.0,0.2,"ht(3.6,5)",3373.465149700993
"rt(0.3,2)",2.0,0.3,"ht(3.6,5)",2954.1383442548304
"rt(0.4,2)",2.0,0.4,"ht(3.6,5)",2595.9739436118953
"rt(0.5,2)",2.0,0.5,"ht(3.6,5)",2221.3963194495245
"rt(0.6,2)",2.0,0.6,"ht(3.6,5)",2299.728524453948
"rt(0.7,2)",2.0,0.7,"ht(3.6,5)",1965.6832186957622
"rt(0.8,2)",2.0,0.8,"ht(3.6,5)",1243.6888485597424
"rt(0.9,2)",2.0,0.9,"ht(3.6,5)",1531.5786667910613
"rt(1.0,2)",2.0,1.0,"ht(3.6,5)",1257.5793289320413
"rt(0.1,3)",3.0,0.1,"ht(3.6,5)",3561.6781671387525
"rt(0.2,3)",3.0,0.2,"ht(3.6,5)",3366.0888219121357
"rt(0.3,3)",3.0,0.3,"ht(3.6,5)",3113.309383730441
"rt(0.4,3)",3.0,0.4,"ht(3.6,5)",2294.6568514908445
"rt(0.5,3)",3.0,0.5,"ht(3.6,5)",2603.724602430195
"rt(0.6,3)",3.0,0.6,"ht(3.6,5)",1764.8209442139691
"rt(0.7,3)",3.0,0.7,"ht(3.6,5)",2097.9175632129504
"rt(0.8,3)",3.0,0.8,"ht(3.6,5)",1982.2014156472226
"rt(0.9,3)",3.0,0.9,"ht(3.6,5)",1803.4871414554702
"rt(1.0,3)",3.0,1.0,"ht(3.6,5)",1325.5512738235711
"rt(0.1,4)",4.0,0.1,"ht(3.6,5)",3217.053161721264
"rt(0.2,4)",4.0,0.2,"ht(3.6,5)",3198.9255048947493
"rt(0.3,4)",4.0,0.3,"ht(3.6,5)",2785.3091958922305
"rt(0.4,4)",4.0,0.4,"ht(3.6,5)",2855.095017631937
"rt(0.5,4)",4.0,0.5,"ht(3.6,5)",2598.0456004698985
"rt(0.6,4)",4.0,0.6,"ht(3.6,5)",2343.819566278002
"rt(0.7,4)",4.0,0.7,"ht(3.6,5)",2397.675576231428
"rt(0.8,4)",4.0,0.8,"ht(3.6,5)",1552.6415288754733
"rt(0.9,4)",4.0,0.9,"ht(3.6,5)",1783.4631327215898
"rt(1.0,4)",4.0,1.0,"ht(3.6,5)",1739.0334482770672
def,,,"rt(0.3,4)",2757.9373742536472
"ht(2.2,5)",5.0,2.2,"rt(0.3,4)",2504.0527339538426
"ht(2.4,5)",5.0,2.4,"rt(0.3,4)",1974.5568276830027
"ht(2.6,5)",5.0,2.6,"rt(0.3,4)",1805.354641379922
"ht(2.8,5)",5.0,2.8,"rt(0.3,4)",1485.9790174825355
"ht(3.0,5)",5.0,3.0,"rt(0.3,4)",1274.7759171361145
"ht(3.2,5)",5.0,3.2,"rt(0.3,4)",1109.4422185770238
"ht(3.4,5)",5.0,3.4,"rt(0.3,4)",1019.8678365218057
"ht(3.6,5)",5.0,3.6,"rt(0.3,4)",970.7022882025555
"ht(3.8,5)",5.0,3.8,"rt(0.3,4)",770.0818772519132
"ht(4.0,5)",5.0,4.0,"rt(0.3,4)",612.8278818156066
"ht(2.2,10)",10.0,2.2,"rt(0.3,4)",3276.4409345415315
"ht(2.4,10)",10.0,2.4,"rt(0.3,4)",3134.5616557750236
"ht(2.6,10)",10.0,2.6,"rt(0.3,4)",2672.1553423434266
"ht(2.8,10)",10.0,2.8,"rt(0.3,4)",2244.3242988424904
"ht(3.0,10)",10.0,3.0,"rt(0.3,4)",1659.7528970466494
"ht(3.2,10)",10.0,3.2,"rt(0.3,4)",1610.892059742405
"ht(3.4,10)",10.0,3.4,"rt(0.3,4)",1718.8890876415846
"ht(3.6,10)",10.0,3.6,"rt(0.3,4)",1688.330297166772
"ht(3.8,10)",10.0,3.8,"rt(0.3,4)",1404.3825551561654
"ht(4.0,10)",10.0,4.0,"rt(0.3,4)",1365.1213290016037
"ht(2.2,15)",15.0,2.2,"rt(0.3,4)",3882.9740859366443
"ht(2.4,15)",15.0,2.4,"rt(0.3,4)",3527.1442185850797
"ht(2.6,15)",15.0,2.6,"rt(0.3,4)",3486.4281862200446
"ht(2.8,15)",15.0,2.8,"rt(0.3,4)",3229.3630182205206
"ht(3.0,15)",15.0,3.0,"rt(0.3,4)",2710.2662481742445
"ht(3.2,15)",15.0,3.2,"rt(0.3,4)",2450.910317324569
"ht(3.4,15)",15.0,3.4,"rt(0.3,4)",2525.203750835572
"ht(3.6,15)",15.0,3.6,"rt(0.3,4)",2341.4524255077945
"ht(3.8,15)",15.0,3.8,"rt(0.3,4)",1774.9628224325631
"ht(4.0,15)",15.0,4.0,"rt(0.3,4)",1529.8433201263713
"ht(2.2,20)",20.0,2.2,"rt(0.3,4)",4021.4096183494867
"ht(2.4,20)",20.0,2.4,"rt(0.3,4)",4133.836502949374
"ht(2.6,20)",20.0,2.6,"rt(0.3,4)",3905.2311820183268
"ht(2.8,20)",20.0,2.8,"rt(0.3,4)",3507.6545228749524
"ht(3.0,20)",20.0,3.0,"rt(0.3,4)",3140.5673515571884
"ht(3.2,20)",20.0,3.2,"rt(0.3,4)",2820.5818394483927
"ht(3.4,20)",20.0,3.4,"rt(0.3,4)",2679.531543373718
"ht(3.6,20)",20.0,3.6,"rt(0.3,4)",2563.2718255189675
"ht(3.8,20)",20.0,3.8,"rt(0.3,4)",2190.220848885624
"ht(4.0,20)",20.0,4.0,"rt(0.3,4)",2065.8005886016326
"rt(0.1,1)",1.0,0.1,"rt(0.3,4)",4126.898058887259
"rt(0.2,1)",1.0,0.2,"rt(0.3,4)",4301.211666810813
"rt(0.3,1)",1.0,0.3,"rt(0.3,4)",4208.670072511313
"rt(0.4,1)",1.0,0.4,"rt(0.3,4)",3569.187085166936
"rt(0.5,1)",1.0,0.5,"rt(0.3,4)",3043.646674592656
"rt(0.6,1)",1.0,0.6,"rt(0.3,4)",2599.093150003024
"rt(0.7,1)",1.0,0.7,"rt(0.3,4)",2058.3245942389303
"rt(0.8,1)",1.0,0.8,"rt(0.3,4)",1761.2540483062355
"rt(0.9,1)",1.0,0.9,"rt(0.3,4)",1276.0490971338775
"rt(1.0,1)",1.0,1.0,"rt(0.3,4)",1204.0199821305182
"rt(0.1,2)",2.0,0.1,"rt(0.3,4)",4599.327953761544
"rt(0.2,2)",2.0,0.2,"rt(0.3,4)",3805.554856230223
"rt(0.3,2)",2.0,0.3,"rt(0.3,4)",4149.202377585232
"rt(0.4,2)",2.0,0.4,"rt(0.3,4)",3470.6130357997636
"rt(0.5,2)",2.0,0.5,"rt(0.3,4)",3277.758700565733
"rt(0.6,2)",2.0,0.6,"rt(0.3,4)",2636.0370127365923
"rt(0.7,2)",2.0,0.7,"rt(0.3,4)",2057.348794667581
"rt(0.8,2)",2.0,0.8,"rt(0.3,4)",1990.08770583697
"rt(0.9,2)",2.0,0.9,"rt(0.3,4)",1320.4047461617004
"rt(1.0,2)",2.0,1.0,"rt(0.3,4)",1515.3513366123132
"rt(0.1,3)",3.0,0.1,"rt(0.3,4)",4303.895402464639
"rt(0.2,3)",3.0,0.2,"rt(0.3,4)",4458.713424615488
"rt(0.3,3)",3.0,0.3,"rt(0.3,4)",4126.422510797157
"rt(0.4,3)",3.0,0.4,"rt(0.3,4)",3906.1208757058835
"rt(0.5,3)",3.0,0.5,"rt(0.3,4)",3232.651979075314
"rt(0.6,3)",3.0,0.6,"rt(0.3,4)",2813.4759589523837
"rt(0.7,3)",3.0,0.7,"rt(0.3,4)",2236.6117447434663
"rt(0.8,3)",3.0,0.8,"rt(0.3,4)",2184.592522459298
"rt(0.9,3)",3.0,0.9,"rt(0.3,4)",1699.5381795457365
"rt(1.0,3)",3.0,1.0,"rt(0.3,4)",1492.5638377259236
"rt(0.1,4)",4.0,0.1,"rt(0.3,4)",4769.681852753344
"rt(0.2,4)",4.0,0.2,"rt(0.3,4)",4321.10689809362
"rt(0.3,4)",4.0,0.3,"rt(0.3,4)",3859.2864232806637
"rt(0.4,4)",4.0,0.4,"rt(0.3,4)",3774.6252246738254
"rt(0.5,4)",4.0,0.5,"rt(0.3,4)",3201.3780453285585
"rt(0.6,4)",4.0,0.6,"rt(0.3,4)",3215.4762183769776
"rt(0.7,4)",4.0,0.7,"rt(0.3,4)",2454.094763809911
"rt(0.8,4)",4.0,0.8,"rt(0.3,4)",2258.7331859379487
"rt(0.9,4)",4.0,0.9,"rt(0.3,4)",2098.618758806448
"rt(1.0,4)",4.0,1.0,"rt(0.3,4)",1787.1592388028064
def,,,"rt(0.3,1)",4215.620409498003
"ht(2.2,5)",5.0,2.2,"rt(0.3,1)",2761.6520717345625
"ht(2.4,5)",5.0,2.4,"rt(0.3,1)",1991.215812486606
"ht(2.6,5)",5.0,2.6,"rt(0.3,1)",1583.1266446075063
"ht(2.8,5)",5.0,2.8,"rt(0.3,1)",1630.6377702399461
"ht(3.0,5)",5.0,3.0,"rt(0.3,1)",1454.6094155575183
"ht(3.2,5)",5.0,3.2,"rt(0.3,1)",1246.9342184535328
"ht(3.4,5)",5.0,3.4,"rt(0.3,1)",1062.8242548206872
"ht(3.6,5)",5.0,3.6,"rt(0.3,1)",870.7712731470102
"ht(3.8,5)",5.0,3.8,"rt(0.3,1)",645.058221626034
"ht(4.0,5)",5.0,4.0,"rt(0.3,1)",653.2469509686451
"ht(2.2,10)",10.0,2.2,"rt(0.3,1)",3458.702367534067
"ht(2.4,10)",10.0,2.4,"rt(0.3,1)",3013.5191836987574
"ht(2.6,10)",10.0,2.6,"rt(0.3,1)",2605.6084666036936
"ht(2.8,10)",10.0,2.8,"rt(0.3,1)",2290.7773621669135
"ht(3.0,10)",10.0,3.0,"rt(0.3,1)",2298.254472483634
"ht(3.2,10)",10.0,3.2,"rt(0.3,1)",2388.4991173568196
"ht(3.4,10)",10.0,3.4,"rt(0.3,1)",1896.8306660563198
"ht(3.6,10)",10.0,3.6,"rt(0.3,1)",1554.6862527258693
"ht(3.8,10)",10.0,3.8,"rt(0.3,1)",1279.70114561687
"ht(4.0,10)",10.0,4.0,"rt(0.3,1)",1273.7274851145198
"ht(2.2,15)",15.0,2.2,"rt(0.3,1)",3863.8747967584377
"ht(2.4,15)",15.0,2.4,"rt(0.3,1)",3703.344877311597
"ht(2.6,15)",15.0,2.6,"rt(0.3,1)",2723.38817815213
"ht(2.8,15)",15.0,2.8,"rt(0.3,1)",2760.2538432859014
"ht(3.0,15)",15.0,3.0,"rt(0.3,1)",2506.3170060033576
"ht(3.2,15)",15.0,3.2,"rt(0.3,1)",2635.578643518401
"ht(3.4,15)",15.0,3.4,"rt(0.3,1)",2372.499595683022
"ht(3.6,15)",15.0,3.6,"rt(0.3,1)",2430.9138646419715
"ht(3.8,15)",15.0,3.8,"rt(0.3,1)",2042.0179809141987
"ht(4.0,15)",15.0,4.0,"rt(0.3,1)",1552.0746001335551
"ht(2.2,20)",20.0,2.2,"rt(0.3,1)",3952.156271638154
"ht(2.4,20)",20.0,2.4,"rt(0.3,1)",3908.626045386461
"ht(2.6,20)",20.0,2.6,"rt(0.3,1)",3915.319672464532
"ht(2.8,20)",20.0,2.8,"rt(0.3,1)",3136.3868437518527
"ht(3.0,20)",20.0,3.0,"rt(0.3,1)",2820.842633766673
"ht(3.2,20)",20.0,3.2,"rt(0.3,1)",3110.919342758849
"ht(3.4,20)",20.0,3.4,"rt(0.3,1)",3272.5848027329857
"ht(3.6,20)",20.0,3.6,"rt(0.3,1)",2302.3569621179395
"ht(3.8,20)",20.0,3.8,"rt(0.3,1)",2214.6820570243754
"ht(4.0,20)",20.0,4.0,"rt(0.3,1)",2361.8336614260156
"rt(0.1,1)",1.0,0.1,"rt(0.3,1)",4711.189769932592
"rt(0.2,1)",1.0,0.2,"rt(0.3,1)",4772.670067724028
"rt(0.3,1)",1.0,0.3,"rt(0.3,1)",4242.335314727833
"rt(0.4,1)",1.0,0.4,"rt(0.3,1)",3546.1343748616623
"rt(0.5,1)",1.0,0.5,"rt(0.3,1)",2946.6944612096286
"rt(0.6,1)",1.0,0.6,"rt(0.3,1)",2533.0400410839584
"rt(0.7,1)",1.0,0.7,"rt(0.3,1)",1978.5805475556951
"rt(0.8,1)",1.0,0.8,"rt(0.3,1)",1663.7186964250088
"rt(0.9,1)",1.0,0.9,"rt(0.3,1)",1262.6129189170213
"rt(1.0,1)",1.0,1.0,"rt(0.3,1)",1191.306283835854
"rt(0.1,2)",2.0,0.1,"rt(0.3,1)",4288.413232404247
"rt(0.2,2)",2.0,0.2,"rt(0.3,1)",4544.435816087236
"rt(0.3,2)",2.0,0.3,"rt(0.3,1)",4332.622356168117
"rt(0.4,2)",2.0,0.4,"rt(0.3,1)",3373.7450263371334
"rt(0.5,2)",2.0,0.5,"rt(0.3,1)",3544.7172110132046
"rt(0.6,2)",2.0,0.6,"rt(0.3,1)",2808.907161597938
"rt(0.7,2)",2.0,0.7,"rt(0.3,1)",2398.493440751699
"rt(0.8,2)",2.0,0.8,"rt(0.3,1)",2098.6270570964098
"rt(0.9,2)",2.0,0.9,"rt(0.3,1)",1644.307672984453
"rt(1.0,2)",2.0,1.0,"rt(0.3,1)",1167.989660989274
"rt(0.1,3)",3.0,0.1,"rt(0.3,1)",4499.224005798406
"rt(0.2,3)",3.0,0.2,"rt(0.3,1)",4426.640231880462
"rt(0.3,3)",3.0,0.3,"rt(0.3,1)",4093.8903922401537
"rt(0.4,3)",3.0,0.4,"rt(0.3,1)",4068.919541394211
"rt(0.5,3)",3.0,0.5,"rt(0.3,1)",3295.5292386604206
"rt(0.6,3)",3.0,0.6,"rt(0.3,1)",2989.2640176110044
"rt(0.7,3)",3.0,0.7,"rt(0.3,1)",2822.369813045221
"rt(0.8,3)",3.0,0.8,"rt(0.3,1)",2166.840280462887
"rt(0.9,3)",3.0,0.9,"rt(0.3,1)",1947.6347548964452
"rt(1.0,3)",3.0,1.0,"rt(0.3,1)",1218.7692933808003
"rt(0.1,4)",4.0,0.1,"rt(0.3,1)",4184.538631169
"rt(0.2,4)",4.0,0.2,"rt(0.3,1)",4383.004001296039
"rt(0.3,4)",4.0,0.3,"rt(0.3,1)",4274.883904327519
"rt(0.4,4)",4.0,0.4,"rt(0.3,1)",3346.5551585284843
"rt(0.5,4)",4.0,0.5,"rt(0.3,1)",3451.7519614871026
"rt(0.6,4)",4.0,0.6,"rt(0.3,1)",3284.120294137602
"rt(0.7,4)",4.0,0.7,"rt(0.3,1)",2905.3595965114496
"rt(0.8,4)",4.0,0.8,"rt(0.3,1)",1715.376106600205
"rt(0.9,4)",4.0,0.9,"rt(0.3,1)",1848.8313027074473
"rt(1.0,4)",4.0,1.0,"rt(0.3,1)",1763.9677695564255
def,,,"rt(0.8,4)",2822.746139607124
"ht(2.2,5)",5.0,2.2,"rt(0.8,4)",2249.8921500920155
"ht(2.4,5)",5.0,2.4,"rt(0.8,4)",2308.4359057716606
"ht(2.6,5)",5.0,2.6,"rt(0.8,4)",2274.8576163702573
"ht(2.8,5)",5.0,2.8,"rt(0.8,4)",1843.6278731469522
"ht(3.0,5)",5.0,3.0,"rt(0.8,4)",1517.699581337123
"ht(3.2,5)",5.0,3.2,"rt(0.8,4)",1534.741229930905
"ht(3.4,5)",5.0,3.4,"rt(0.8,4)",1493.0085941774028
"ht(3.6,5)",5.0,3.6,"rt(0.8,4)",1233.257343134712
"ht(3.8,5)",5.0,3.8,"rt(0.8,4)",1249.0096497335705
"ht(4.0,5)",5.0,4.0,"rt(0.8,4)",999.0766380212306
"ht(2.2,10)",10.0,2.2,"rt(0.8,4)",3042.7992038947323
"ht(2.4,10)",10.0,2.4,"rt(0.8,4)",2584.848499926834
"ht(2.6,10)",10.0,2.6,"rt(0.8,4)",2735.5674827710454
"ht(2.8,10)",10.0,2.8,"rt(0.8,4)",2461.3910050073014
"ht(3.0,10)",10.0,3.0,"rt(0.8,4)",2395.8938439654385
"ht(3.2,10)",10.0,3.2,"rt(0.8,4)",2100.774841812131
"ht(3.4,10)",10.0,3.4,"rt(0.8,4)",1798.1948435415977
"ht(3.6,10)",10.0,3.6,"rt(0.8,4)",1556.0643760443525
"ht(3.8,10)",10.0,3.8,"rt(0.8,4)",1615.510657018753
"ht(4.0,10)",10.0,4.0,"rt(0.8,4)",1597.0798830853548
"ht(2.2,15)",15.0,2.2,"rt(0.8,4)",2965.7385945673323
"ht(2.4,15)",15.0,2.4,"rt(0.8,4)",3306.4857097497616
"ht(2.6,15)",15.0,2.6,"rt(0.8,4)",2733.367679060917
"ht(2.8,15)",15.0,2.8,"rt(0.8,4)",3010.602529626694
"ht(3.0,15)",15.0,3.0,"rt(0.8,4)",2890.177729762426
"ht(3.2,15)",15.0,3.2,"rt(0.8,4)",2322.1133435535567
"ht(3.4,15)",15.0,3.4,"rt(0.8,4)",2919.7329439430587
"ht(3.6,15)",15.0,3.6,"rt(0.8,4)",2673.171552208203
"ht(3.8,15)",15.0,3.8,"rt(0.8,4)",2457.317448414816
"ht(4.0,15)",15.0,4.0,"rt(0.8,4)",2189.822611140868
"ht(2.2,20)",20.0,2.2,"rt(0.8,4)",3528.3733075901355
"ht(2.4,20)",20.0,2.4,"rt(0.8,4)",3492.4656311802946
"ht(2.6,20)",20.0,2.6,"rt(0.8,4)",3283.4269262458447
"ht(2.8,20)",20.0,2.8,"rt(0.8,4)",3345.2055049631954
"ht(3.0,20)",20.0,3.0,"rt(0.8,4)",2761.3514689916465
"ht(3.2,20)",20.0,3.2,"rt(0.8,4)",2955.5463639549876
"ht(3.4,20)",20.0,3.4,"rt(0.8,4)",2702.580697091215
"ht(3.6,20)",20.0,3.6,"rt(0.8,4)",2501.381504723865
"ht(3.8,20)",20.0,3.8,"rt(0.8,4)",2760.596035135888
"ht(4.0,20)",20.0,4.0,"rt(0.8,4)",2585.5099286495843
"rt(0.1,1)",1.0,0.1,"rt(0.8,4)",2606.1036284553543
"rt(0.2,1)",1.0,0.2,"rt(0.8,4)",2739.455379547603
"rt(0.3,1)",1.0,0.3,"rt(0.8,4)",2055.0817016869596
"rt(0.4,1)",1.0,0.4,"rt(0.8,4)",2420.1646906345095
"rt(0.5,1)",1.0,0.5,"rt(0.8,4)",2008.2340723250668
"rt(0.6,1)",1.0,0.6,"rt(0.8,4)",1544.8509910142557
"rt(0.7,1)",1.0,0.7,"rt(0.8,4)",1616.6994917918937
"rt(0.8,1)",1.0,0.8,"rt(0.8,4)",1276.175797448024
"rt(0.9,1)",1.0,0.9,"rt(0.8,4)",1229.5662558727724
"rt(1.0,1)",1.0,1.0,"rt(0.8,4)",1093.4196695210144
"rt(0.1,2)",2.0,0.1,"rt(0.8,4)",3031.203275610329
"rt(0.2,2)",2.0,0.2,"rt(0.8,4)",2394.9336632409195
"rt(0.3,2)",2.0,0.3,"rt(0.8,4)",2765.4707890211926
"rt(0.4,2)",2.0,0.4,"rt(0.8,4)",2562.3153195804693
"rt(0.5,2)",2.0,0.5,"rt(0.8,4)",2150.223357707146
"rt(0.6,2)",2.0,0.6,"rt(0.8,4)",1942.8077381849794
"rt(0.7,2)",2.0,0.7,"rt(0.8,4)",1606.5512392297655
"rt(0.8,2)",2.0,0.8,"rt(0.8,4)",1406.9874340402305
"rt(0.9,2)",2.0,0.9,"rt(0.8,4)",1484.561519489933
"rt(1.0,2)",2.0,1.0,"rt(0.8,4)",1268.5460019062311
"rt(0.1,3)",3.0,0.1,"rt(0.8,4)",3057.8813398009715
"rt(0.2,3)",3.0,0.2,"rt(0.8,4)",2849.1875548196017
"rt(0.3,3)",3.0,0.3,"rt(0.8,4)",2589.1798709257346
"rt(0.4,3)",3.0,0.4,"rt(0.8,4)",2332.9822812761586
"rt(0.5,3)",3.0,0.5,"rt(0.8,4)",2087.694127168496
"rt(0.6,3)",3.0,0.6,"rt(0.8,4)",2091.9911223659014
"rt(0.7,3)",3.0,0.7,"rt(0.8,4)",1748.5753505832608
"rt(0.8,3)",3.0,0.8,"rt(0.8,4)",1530.5001644469742
"rt(0.9,3)",3.0,0.9,"rt(0.8,4)",1502.3537859236994
"rt(1.0,3)",3.0,1.0,"rt(0.8,4)",1433.8911627783252
"rt(0.1,4)",4.0,0.1,"rt(0.8,4)",2786.715262336945
"rt(0.2,4)",4.0,0.2,"rt(0.8,4)",2922.3250758123386
"rt(0.3,4)",4.0,0.3,"rt(0.8,4)",2636.867037738001
"rt(0.4,4)",4.0,0.4,"rt(0.8,4)",2325.10819454682
"rt(0.5,4)",4.0,0.5,"rt(0.8,4)",2465.5558346198745
"rt(0.6,4)",4.0,0.6,"rt(0.8,4)",2236.3178634707
"rt(0.7,4)",4.0,0.7,"rt(0.8,4)",2136.7203856720434
"rt(0.8,4)",4.0,0.8,"rt(0.8,4)",1896.6524511103128
"rt(0.9,4)",4.0,0.9,"rt(0.8,4)",1902.146875116578
"rt(1.0,4)",4.0,1.0,"rt(0.8,4)",1393.2687286049825
def,,,"rt(0.8,1)",1860.065430363592
"ht(2.2,5)",5.0,2.2,"rt(0.8,1)",1122.723364398296
"ht(2.4,5)",5.0,2.4,"rt(0.8,1)",1226.8860534802793
"ht(2.6,5)",5.0,2.6,"rt(0.8,1)",1157.9401204378796
"ht(2.8,5)",5.0,2.8,"rt(0.8,1)",1281.7704828613735
"ht(3.0,5)",5.0,3.0,"rt(0.8,1)",911.1882830166685
"ht(3.2,5)",5.0,3.2,"rt(0.8,1)",924.5655038560816
"ht(3.4,5)",5.0,3.4,"rt(0.8,1)",801.2778957514727
"ht(3.6,5)",5.0,3.6,"rt(0.8,1)",880.4288169793766
"ht(3.8,5)",5.0,3.8,"rt(0.8,1)",819.3137069300974
"ht(4.0,5)",5.0,4.0,"rt(0.8,1)",713.1555857187717
"ht(2.2,10)",10.0,2.2,"rt(0.8,1)",1061.0008303922148
"ht(2.4,10)",10.0,2.4,"rt(0.8,1)",1490.0479530031246
"ht(2.6,10)",10.0,2.6,"rt(0.8,1)",1581.732306802874
"ht(2.8,10)",10.0,2.8,"rt(0.8,1)",1510.9931621195
"ht(3.0,10)",10.0,3.0,"rt(0.8,1)",1170.394174172376
"ht(3.2,10)",10.0,3.2,"rt(0.8,1)",996.8998597764945
"ht(3.4,10)",10.0,3.4,"rt(0.8,1)",1083.945258802377
"ht(3.6,10)",10.0,3.6,"rt(0.8,1)",861.0077854648993
"ht(3.8,10)",10.0,3.8,"rt(0.8,1)",897.6888084443403
"ht(4.0,10)",10.0,4.0,"rt(0.8,1)",1035.3785705246835
"ht(2.2,15)",15.0,2.2,"rt(0.8,1)",1657.637611217643
"ht(2.4,15)",15.0,2.4,"rt(0.8,1)",1311.0738430219747
"ht(2.6,15)",15.0,2.6,"rt(0.8,1)",1400.6423366419729
"ht(2.8,15)",15.0,2.8,"rt(0.8,1)",1606.6647479456753
"ht(3.0,15)",15.0,3.0,"rt(0.8,1)",1847.6701510255023
"ht(3.2,15)",15.0,3.2,"rt(0.8,1)",1366.3178847744712
"ht(3.4,15)",15.0,3.4,"rt(0.8,1)",1241.5513711084075
"ht(3.6,15)",15.0,3.6,"rt(0.8,1)",1327.7776773007279
"ht(3.8,15)",15.0,3.8,"rt(0.8,1)",1105.2111347893638
"ht(4.0,15)",15.0,4.0,"rt(0.8,1)",990.5715944767537
"ht(2.2,20)",20.0,2.2,"rt(0.8,1)",1793.9364966679145
"ht(2.4,20)",20.0,2.4,"rt(0.8,1)",1678.4538539906587
"ht(2.6,20)",20.0,2.6,"rt(0.8,1)",1318.7882776995878
"ht(2.8,20)",20.0,2.8,"rt(0.8,1)",1680.674406626465
"ht(3.0,20)",20.0,3.0,"rt(0.8,1)",1518.0378534935428
"ht(3.2,20)",20.0,3.2,"rt(0.8,1)",1413.7043782806809
"ht(3.4,20)",20.0,3.4,"rt(0.8,1)",1213.587574031267
"ht(3.6,20)",20.0,3.6,"rt(0.8,1)",1222.253936316052
"ht(3.8,20)",20.0,3.8,"rt(0.8,1)",1207.6992563174174
"ht(4.0,20)",20.0,4.0,"rt(0.8,1)",886.0848322057813
"rt(0.1,1)",1.0,0.1,"rt(0.8,1)",1390.4486372701454
"rt(0.2,1)",1.0,0.2,"rt(0.8,1)",1716.586520870453
"rt(0.3,1)",1.0,0.3,"rt(0.8,1)",2052.608624649264
"rt(0.4,1)",1.0,0.4,"rt(0.8,1)",1883.8569878312742
"rt(0.5,1)",1.0,0.5,"rt(0.8,1)",2112.6030779639373
"rt(0.6,1)",1.0,0.6,"rt(0.8,1)",2172.735100030017
"rt(0.7,1)",1.0,0.7,"rt(0.8,1)",1804.6810074778807
"rt(0.8,1)",1.0,0.8,"rt(0.8,1)",1837.2647442199543
"rt(0.9,1)",1.0,0.9,"rt(0.8,1)",1774.3616433359346
"rt(1.0,1)",1.0,1.0,"rt(0.8,1)",1397.2058310861732
"rt(0.1,2)",2.0,0.1,"rt(0.8,1)",1152.3343496766727
"rt(0.2,2)",2.0,0.2,"rt(0.8,1)",1667.6307975202826
"rt(0.3,2)",2.0,0.3,"rt(0.8,1)",2119.0458627680623
"rt(0.4,2)",2.0,0.4,"rt(0.8,1)",2128.946498718236
"rt(0.5,2)",2.0,0.5,"rt(0.8,1)",2071.291552376285
"rt(0.6,2)",2.0,0.6,"rt(0.8,1)",1516.6553346390328
"rt(0.7,2)",2.0,0.7,"rt(0.8,1)",1752.2385407835268
"rt(0.8,2)",2.0,0.8,"rt(0.8,1)",2005.5697631409062
"rt(0.9,2)",2.0,0.9,"rt(0.8,1)",1417.1739325784079
"rt(1.0,2)",2.0,1.0,"rt(0.8,1)",1422.2199584533705
"rt(0.1,3)",3.0,0.1,"rt(0.8,1)",1440.648502822486
"rt(0.2,3)",3.0,0.2,"rt(0.8,1)",1525.9345235500837
"rt(0.3,3)",3.0,0.3,"rt(0.8,1)",1394.5883442138781
"rt(0.4,3)",3.0,0.4,"rt(0.8,1)",1627.9825404438532
"rt(0.5,3)",3.0,0.5,"rt(0.8,1)",1741.231725050149
"rt(0.6,3)",3.0,0.6,"rt(0.8,1)",1387.4129485829087
"rt(0.7,3)",3.0,0.7,"rt(0.8,1)",1491.3140878425227
"rt(0.8,3)",3.0,0.8,"rt(0.8,1)",1663.5795396021288
"rt(0.9,3)",3.0,0.9,"rt(0.8,1)",1328.930447518926
"rt(1.0,3)",3.0,1.0,"rt(0.8,1)",1225.6165725560593
"rt(0.1,4)",4.0,0.1,"rt(0.8,1)",1706.5728390672766
"rt(0.2,4)",4.0,0.2,"rt(0.8,1)",1069.347094017447
"rt(0.3,4)",4.0,0.3,"rt(0.8,1)",1661.7633376558938
"rt(0.4,4)",4.0,0.4,"rt(0.8,1)",1550.898675730523
"rt(0.5,4)",4.0,0.5,"rt(0.8,1)",1398.719838873461
"rt(0.6,4)",4.0,0.6,"rt(0.8,1)",1722.3848282312217
"rt(0.7,4)",4.0,0.7,"rt(0.8,1)",1322.517698909465
"rt(0.8,4)",4.0,0.8,"rt(0.8,1)",1478.695078413116
"rt(0.9,4)",4.0,0.9,"rt(0.8,1)",1526.9135068902067
"rt(1.0,4)",4.0,1.0,"rt(0.8,1)",1260.1351651259245
def,,,def,4591.893762201196
"ht(2.2,5)",5.0,2.2,def,3105.53969213349
"ht(2.4,5)",5.0,2.4,def,2688.277794979834
"ht(2.6,5)",5.0,2.6,def,2251.845623096364
"ht(2.8,5)",5.0,2.8,def,2073.5065267078726
"ht(3.0,5)",5.0,3.0,def,1874.4007122821151
"ht(3.2,5)",5.0,3.2,def,1676.875857104509
"ht(3.4,5)",5.0,3.4,def,1416.1116099853216
"ht(3.6,5)",5.0,3.6,def,1295.3881979751445
"ht(3.8,5)",5.0,3.8,def,906.8396386165131
"ht(4.0,5)",5.0,4.0,def,718.8003896494566
"ht(2.2,10)",10.0,2.2,def,4033.2770677607386
"ht(2.4,10)",10.0,2.4,def,3733.8453041850494
"ht(2.6,10)",10.0,2.6,def,3643.4575934415234
"ht(2.8,10)",10.0,2.8,def,2946.688714095638
"ht(3.0,10)",10.0,3.0,def,3278.349161581986
"ht(3.2,10)",10.0,3.2,def,2895.0831172422268
"ht(3.4,10)",10.0,3.4,def,2959.4660771684635
"ht(3.6,10)",10.0,3.6,def,2707.176609770607
"ht(3.8,10)",10.0,3.8,def,2382.066875474705
"ht(4.0,10)",10.0,4.0,def,2117.382656757111
"ht(2.2,15)",15.0,2.2,def,4051.0424589619956
"ht(2.4,15)",15.0,2.4,def,3971.8036177879053
"ht(2.6,15)",15.0,2.6,def,4078.6974540157807
"ht(2.8,15)",15.0,2.8,def,3975.873058694431
"ht(3.0,15)",15.0,3.0,def,3698.9237980483595
"ht(3.2,15)",15.0,3.2,def,3566.4427843986427
"ht(3.4,15)",15.0,3.4,def,3505.24551039074
"ht(3.6,15)",15.0,3.6,def,3524.5423189411963
"ht(3.8,15)",15.0,3.8,def,3057.181256558628
"ht(4.0,15)",15.0,4.0,def,2961.4281010888058
"ht(2.2,20)",20.0,2.2,def,4236.047841172666
"ht(2.4,20)",20.0,2.4,def,4393.467334571094
"ht(2.6,20)",20.0,2.6,def,4081.2391957325362
"ht(2.8,20)",20.0,2.8,def,4108.076592038308
"ht(3.0,20)",20.0,3.0,def,4344.8205873593515
"ht(3.2,20)",20.0,3.2,def,4059.306248687337
"ht(3.4,20)",20.0,3.4,def,3934.782813686284
"ht(3.6,20)",20.0,3.6,def,3815.931146770393
"ht(3.8,20)",20.0,3.8,def,3836.2571914515947
"ht(4.0,20)",20.0,4.0,def,3814.445763645645
"rt(0.1,1)",1.0,0.1,def,4103.3851317748085
"rt(0.2,1)",1.0,0.2,def,3748.5838761601335
"rt(0.3,1)",1.0,0.3,def,3795.591335787963
"rt(0.4,1)",1.0,0.4,def,3158.727398590335
"rt(0.5,1)",1.0,0.5,def,2719.556650235593
"rt(0.6,1)",1.0,0.6,def,2269.994938676649
"rt(0.7,1)",1.0,0.7,def,1873.78005218655
"rt(0.8,1)",1.0,0.8,def,1607.3933983391005
"rt(0.9,1)",1.0,0.9,def,1382.834159073403
"rt(1.0,1)",1.0,1.0,def,1257.039968889151
"rt(0.1,2)",2.0,0.1,def,4136.914328695824
"rt(0.2,2)",2.0,0.2,def,3791.7040546061917
"rt(0.3,2)",2.0,0.3,def,3224.39580524534
"rt(0.4,2)",2.0,0.4,def,2830.818004896098
"rt(0.5,2)",2.0,0.5,def,2869.6494001390074
"rt(0.6,2)",2.0,0.6,def,2269.133017481586
"rt(0.7,2)",2.0,0.7,def,2294.6008211411145
"rt(0.8,2)",2.0,0.8,def,1844.6864058975573
"rt(0.9,2)",2.0,0.9,def,1532.4730580096868
"rt(1.0,2)",2.0,1.0,def,1381.0911106412952
"rt(0.1,3)",3.0,0.1,def,4261.538928428108
"rt(0.2,3)",3.0,0.2,def,3794.9599915074505
"rt(0.3,3)",3.0,0.3,def,3562.2947350437607
"rt(0.4,3)",3.0,0.4,def,3278.9143639725016
"rt(0.5,3)",3.0,0.5,def,2418.132661894182
"rt(0.6,3)",3.0,0.6,def,2695.5237807430863
"rt(0.7,3)",3.0,0.7,def,2191.317021841741
"rt(0.8,3)",3.0,0.8,def,1695.8310380403163
"rt(0.9,3)",3.0,0.9,def,1561.5864149562747
"rt(1.0,3)",3.0,1.0,def,1235.2185676516372
"rt(0.1,4)",4.0,0.1,def,2934.319012986016
"rt(0.2,4)",4.0,0.2,def,3493.827600296208
"rt(0.3,4)",4.0,0.3,def,3756.766539393379
"rt(0.4,4)",4.0,0.4,def,3487.890948715572
"rt(0.5,4)",4.0,0.5,def,2939.5417755789044
"rt(0.6,4)",4.0,0.6,def,2754.031365047855
"rt(0.7,4)",4.0,0.7,def,2399.583691690645
"rt(0.8,4)",4.0,0.8,def,2012.3900156720272
"rt(0.9,4)",4.0,0.9,def,1861.7330372266872
"rt(1.0,4)",4.0,1.0,def,1516.8559028084446
